algorithm,carrier,carrier_type,original_width,original_height,processed_width,processed_height,payload_size_bytes,transformation,transformation_family,executed,encode_success,decode_success,payload_exact_match_success,processing_time_ms,encode_time_ms,transform_time_ms,decode_time_ms,output_file_size_bytes,psnr_db,ssim,average_pixel_difference,maximum_pixel_difference,error_message
rust-dwt,normal-photograph,normal photograph,1280,720,1280,720,32,identity,identity,true,true,true,false,1489.0591249999998,1382.3099579999998,0.0959579999998823,106.65320900000006,3048595,11.259070441513297,0.21042226439915848,50.18824833622685,255,decoded payload did not exactly match
rust-dwt,normal-photograph,normal photograph,1280,720,1280,720,128,identity,identity,true,true,true,false,820.3722499999999,724.5741250000001,0.21862499999997453,95.57949999999983,3048620,11.259065509298768,0.21042293071186444,50.188923611111115,255,decoded payload did not exactly match
rust-dwt,normal-photograph,normal photograph,1280,720,1280,720,512,identity,identity,true,true,true,false,826.1604590000011,728.0212500000002,0.04800000000068394,98.09120900000016,3048704,11.259083077292061,0.2104218071948686,50.19142216435185,255,decoded payload did not exactly match
rust-dwt,normal-photograph,normal photograph,1280,720,1280,720,512,jpeg-quality-95,jpeg-recompression,true,true,false,false,3062.9040009999994,728.0212500000002,18.281583999999384,2316.601167,631956,11.251672912547994,0.21014665394137752,50.468875868055555,255,decode: Not a Stegstr image (magic not found)
rust-dwt,normal-photograph,normal photograph,1280,720,1280,720,512,jpeg-quality-90,jpeg-recompression,true,true,false,false,3073.874749,728.0212500000002,17.786333000000013,2328.067166,532847,11.221555212573515,0.20997275782470773,50.63309461805556,255,decode: Not a Stegstr image (magic not found)
rust-dwt,normal-photograph,normal photograph,1280,720,1280,720,512,jpeg-quality-85,jpeg-recompression,true,true,false,false,3067.229417000001,728.0212500000002,17.6112090000006,2321.596958,455191,11.139130002760654,0.20826954983526813,51.76934100115741,255,decode: Not a Stegstr image (magic not found)
rust-dwt,normal-photograph,normal photograph,1280,720,1280,720,512,jpeg-quality-80,jpeg-recompression,true,true,false,false,2976.2017920000003,728.0212500000002,17.792208999999275,2230.388333000001,363961,11.287703060395494,0.21009599679798266,50.21224681712963,255,decode: Not a Stegstr image (magic not found)
rust-dwt,normal-photograph,normal photograph,1280,720,1280,720,512,jpeg-quality-75,jpeg-recompression,true,true,false,false,3047.7293750000013,728.0212500000002,17.249125000000276,2302.4590000000007,339313,11.2247916942362,0.20963982659309136,50.56447699652778,255,decode: Not a Stegstr image (magic not found)
rust-dwt,normal-photograph,normal photograph,1280,720,1280,720,512,jpeg-quality-70,jpeg-recompression,true,true,false,false,3016.9277909999987,728.0212500000002,17.655832999998893,2271.2507079999996,315837,11.160124261745858,0.20797283789167229,51.456477864583334,255,decode: Not a Stegstr image (magic not found)
rust-dwt,normal-photograph,normal photograph,1280,720,1280,720,512,jpeg-quality-60,jpeg-recompression,true,true,false,false,2985.6240839999978,728.0212500000002,16.94812499999898,2240.6547089999985,256015,11.279050347147436,0.2098032166258557,50.28014539930555,255,decode: Not a Stegstr image (magic not found)
rust-dwt,normal-photograph,normal photograph,1280,720,1280,720,512,jpeg-quality-50,jpeg-recompression,true,true,false,false,2961.3852500000016,728.0212500000002,17.3493750000016,2216.014625,218061,11.353361840465306,0.20970239043938044,50.05035662615741,255,decode: Not a Stegstr image (magic not found)
rust-dwt,normal-photograph,normal photograph,1280,720,1152,648,512,resize-90-percent,resize,true,true,false,false,2581.264501,728.0212500000002,49.20933399999922,1804.0339170000007,2301508,11.421601051755063,0.2123846048480533,49.70910181255716,255,decode: Not a Stegstr image (magic not found)
rust-dwt,normal-photograph,normal photograph,1280,720,960,540,512,resize-75-percent,resize,true,true,false,false,1782.8928740000033,728.0212500000002,20.959541000000172,1033.912083000003,358232,11.578261342906202,0.21413679745213007,48.83171103395062,255,decode: Not a Stegstr image (magic not found)
rust-dwt,normal-photograph,normal photograph,1280,720,640,360,512,resize-50-percent,resize,true,true,false,false,1060.7975419999989,728.0212500000002,20.253042000000278,312.52324999999837,160819,12.081210041764406,0.2176678058672354,46.14398871527778,254,decode: Not a Stegstr image (magic not found)
rust-dwt,normal-photograph,normal photograph,1280,720,1280,720,512,max-dimension-2048,max-dimension,true,true,true,false,803.0190829999979,728.0212500000002,20.357624999996915,54.64020800000071,617883,11.263765875026925,0.2103635186967301,50.191157045717596,255,decoded payload did not exactly match
rust-dwt,normal-photograph,normal photograph,1280,720,1280,720,512,max-dimension-1600,max-dimension,true,true,true,false,804.5644590000034,728.0212500000002,19.863459000000148,56.67975000000297,617883,11.263765875026925,0.2103635186967301,50.191157045717596,255,decoded payload did not exactly match
rust-dwt,normal-photograph,normal photograph,1280,720,1280,720,512,max-dimension-1280,max-dimension,true,true,true,false,809.1757910000001,728.0212500000002,20.374374999999418,60.78016600000046,617883,11.263765875026925,0.2103635186967301,50.191157045717596,255,decoded payload did not exactly match
rust-dwt,normal-photograph,normal photograph,1280,720,1280,720,512,png-to-jpeg-quality-80,conversion,true,true,false,false,3014.880083999999,728.0212500000002,17.214625000000524,2269.644208999998,363961,11.287703060395494,0.21009599679798266,50.21224681712963,255,decode: Not a Stegstr image (magic not found)
rust-dwt,normal-photograph,normal photograph,1280,720,1280,720,512,jpeg-to-jpeg-recompression-quality-80,jpeg-recompression,true,true,false,false,2962.374126000001,728.0212500000002,17.7590420000015,2216.5938339999993,363961,11.287703060395494,0.21009599679798266,50.21224681712963,255,decode: Not a Stegstr image (magic not found)
rust-dwt,normal-photograph,normal photograph,1280,720,1280,720,512,metadata-strip,metadata,true,true,true,false,800.2204589999988,728.0212500000002,20.199791999999434,51.999416999999085,617883,11.263765875026925,0.2103635186967301,50.191157045717596,255,decoded payload did not exactly match
rust-dwt,normal-photograph,normal photograph,1280,720,960,540,512,resize-75-percent-then-jpeg-quality-80,combined,true,true,false,false,1949.954709,728.0212500000002,21.421125000000757,1200.512333999999,221109,11.553499735128298,0.21403779901468226,48.90442065329218,255,decode: Not a Stegstr image (magic not found)
rust-dwt,normal-photograph,normal photograph,1280,720,640,360,512,resize-50-percent-then-jpeg-quality-75,combined,true,true,false,false,1106.6307499999953,728.0212500000002,19.946415999998862,358.66308399999616,88498,12.040916312517137,0.21775020745659684,46.211190682870374,254,decode: Not a Stegstr image (magic not found)
rust-dwt,normal-photograph,normal photograph,1280,720,1280,720,1024,identity,identity,true,true,true,false,826.7772079999922,727.1807499999995,0.7397499999933643,98.85670799999934,3048821,11.259029301805475,0.21041963620729479,50.19549479166667,255,decoded payload did not exactly match
rust-dwt,normal-photograph,normal photograph,1280,720,1280,720,5120,identity,identity,true,true,true,false,816.3522930000036,720.1302090000027,0.053749999999126885,96.16833400000178,3027886,13.129225780827857,0.5051366495687993,34.025849971064815,255,decoded payload did not exactly match
rust-dwt,normal-photograph,normal photograph,1280,720,1280,720,10240,identity,identity,true,true,true,false,831.655875000004,738.5959579999981,0.15812500000174623,92.9017920000042,3035872,47.33688155412338,0.9998779357429576,0.7839908854166666,6,decoded payload did not exactly match
rust-dwt,high-detail-photograph,high-detail photograph,1920,1080,1920,1080,32,identity,identity,true,true,true,false,1738.3505420000001,1543.8479169999991,0.2764999999999418,194.22612500000105,3655798,17.141659798156578,0.6422533462766865,23.51842013888889,248,decoded payload did not exactly match
rust-dwt,high-detail-photograph,high-detail photograph,1920,1080,1920,1080,128,identity,identity,true,true,true,false,1730.6747920000053,1537.1070420000033,0.22699999999895226,193.34075000000303,3660839,17.141623793758463,0.6422525837320251,23.51912969393004,248,decoded payload did not exactly match
rust-dwt,high-detail-photograph,high-detail photograph,1920,1080,1920,1080,512,identity,identity,true,true,true,false,1751.703082999993,1546.2385829999985,0.05854199999885168,205.40595799999574,3685571,17.141516361619672,0.6422515177574581,23.521873392489713,248,decoded payload did not exactly match
rust-dwt,high-detail-photograph,high-detail photograph,1920,1080,1920,1080,1024,identity,identity,true,true,true,false,1760.4087080000027,1553.6318329999995,0.06912500000180444,206.7077500000014,3720011,17.182597042905392,0.6466769023231136,23.35551311728395,249,decoded payload did not exactly match
rust-dwt,high-detail-photograph,high-detail photograph,1920,1080,1920,1080,1024,jpeg-quality-95,jpeg-recompression,true,true,false,false,6964.509874000003,1553.6318329999995,29.43004099999962,5381.448000000004,730451,17.155507687496364,0.6449812145565416,23.57310474537037,247,decode: Not a Stegstr image (magic not found)
rust-dwt,high-detail-photograph,high-detail photograph,1920,1080,1920,1080,1024,jpeg-quality-90,jpeg-recompression,true,true,false,false,7048.875832000005,1553.6318329999995,29.062166000003344,5466.181833000002,577161,17.09966488704475,0.6424880814753401,23.74159722222222,249,decode: Not a Stegstr image (magic not found)
rust-dwt,high-detail-photograph,high-detail photograph,1920,1080,1920,1080,1024,jpeg-quality-85,jpeg-recompression,true,true,false,false,6927.024790999989,1553.6318329999995,29.641124999994645,5343.751832999995,446374,16.97022632978076,0.6357351729356036,24.538369663065843,250,decode: Not a Stegstr image (magic not found)
rust-dwt,high-detail-photograph,high-detail photograph,1920,1080,1920,1080,1024,jpeg-quality-80,jpeg-recompression,true,true,false,false,7009.734457999992,1553.6318329999995,28.01799999999639,5428.084624999996,322530,17.23742800040193,0.6498876368104654,23.245907278806584,247,decode: Not a Stegstr image (magic not found)
rust-dwt,high-detail-photograph,high-detail photograph,1920,1080,1920,1080,1024,jpeg-quality-75,jpeg-recompression,true,true,false,false,7075.045791000004,1553.6318329999995,28.01062500000262,5493.403333000002,291194,17.171446063542877,0.6467094952651569,23.470281153549383,254,decode: Not a Stegstr image (magic not found)
rust-dwt,high-detail-photograph,high-detail photograph,1920,1080,1920,1080,1024,jpeg-quality-70,jpeg-recompression,true,true,false,false,6875.448832999995,1553.6318329999995,28.03508299999521,5293.781917,260707,17.120511976037868,0.6441358578482442,23.77637104552469,254,decode: Not a Stegstr image (magic not found)
rust-dwt,high-detail-photograph,high-detail photograph,1920,1080,1920,1080,1024,jpeg-quality-60,jpeg-recompression,true,true,false,false,6967.946958000008,1553.6318329999995,27.69550000000163,5386.619625000007,202671,17.234454004504958,0.6501234609531168,23.25615724665638,251,decode: Not a Stegstr image (magic not found)
rust-dwt,high-detail-photograph,high-detail photograph,1920,1080,1920,1080,1024,jpeg-quality-50,jpeg-recompression,true,true,false,false,6959.217541999991,1553.6318329999995,28.382874999995693,5377.202833999996,170188,17.269933407711445,0.651670302020917,23.23064493312757,243,decode: Not a Stegstr image (magic not found)
rust-dwt,high-detail-photograph,high-detail photograph,1920,1080,1728,972,1024,resize-90-percent,resize,true,true,false,false,5440.955375999991,1553.6318329999995,60.54470899999433,3826.778833999997,2388475,17.255833049371333,0.6504295426145419,23.317735125171467,245,decode: Not a Stegstr image (magic not found)
rust-dwt,high-detail-photograph,high-detail photograph,1920,1080,1440,810,1024,resize-75-percent,resize,true,true,false,false,4260.525792000008,1553.6318329999995,35.51933399999689,2671.3746250000113,507731,17.333582282720563,0.6545745675070239,23.075957075903062,243,decode: Not a Stegstr image (magic not found)
rust-dwt,high-detail-photograph,high-detail photograph,1920,1080,960,540,1024,resize-50-percent,resize,true,true,false,false,2602.563833,1553.6318329999995,34.281749999994645,1014.650250000006,209822,17.524843306577,0.6643563630788462,22.479938271604937,226,decode: Not a Stegstr image (magic not found)
rust-dwt,high-detail-photograph,high-detail photograph,1920,1080,1920,1080,1024,max-dimension-2048,max-dimension,true,true,true,false,1695.494706999998,1553.6318329999995,34.578415999989375,107.28445800000918,820842,17.18338253028609,0.6466761227099566,23.366302244084363,249,decoded payload did not exactly match
rust-dwt,high-detail-photograph,high-detail photograph,1920,1080,1600,900,1024,max-dimension-1600,max-dimension,true,true,false,false,5100.405499000008,1553.6318329999995,41.68070799999987,3505.0929580000084,1404255,17.287314155887834,0.6521437865418482,23.21488101851852,252,decode: Not a Stegstr image (magic not found)
rust-dwt,high-detail-photograph,high-detail photograph,1920,1080,1280,720,1024,max-dimension-1280,max-dimension,true,true,false,false,3575.444291,1553.6318329999995,37.018542000005255,1984.793915999995,901802,17.392078310396236,0.6574628048860692,22.895554108796297,235,decode: Not a Stegstr image (magic not found)
rust-dwt,high-detail-photograph,high-detail photograph,1920,1080,1920,1080,1024,png-to-jpeg-quality-80,conversion,true,true,false,false,6986.474831999985,1553.6318329999995,28.28645799998776,5404.556540999998,322530,17.23742800040193,0.6498876368104654,23.245907278806584,247,decode: Not a Stegstr image (magic not found)
rust-dwt,high-detail-photograph,high-detail photograph,1920,1080,1920,1080,1024,jpeg-to-jpeg-recompression-quality-80,jpeg-recompression,true,true,false,false,7124.181875000002,1553.6318329999995,28.457874999992782,5542.09216700001,322530,17.23742800040193,0.6498876368104654,23.245907278806584,247,decode: Not a Stegstr image (magic not found)
rust-dwt,high-detail-photograph,high-detail photograph,1920,1080,1920,1080,1024,metadata-strip,metadata,true,true,true,false,1689.9139159999977,1553.6318329999995,30.72462500000256,105.55745799999568,820842,17.18338253028609,0.6466761227099566,23.366302244084363,249,decoded payload did not exactly match
rust-dwt,high-detail-photograph,high-detail photograph,1920,1080,1440,810,1024,resize-75-percent-then-jpeg-quality-80,combined,true,true,false,false,4476.706041999998,1553.6318329999995,37.81616699999722,2885.2580420000013,192574,17.341791931012345,0.6554258422349767,23.00637545724737,239,decode: Not a Stegstr image (magic not found)
rust-dwt,high-detail-photograph,high-detail photograph,1920,1080,960,540,1024,resize-50-percent-then-jpeg-quality-75,combined,true,true,false,false,2700.96441600001,1553.6318329999995,36.09275000001071,1111.2398329999996,75527,17.53721604607722,0.6656638471574537,22.410069444444446,209,decode: Not a Stegstr image (magic not found)
rust-dwt,high-detail-photograph,high-detail photograph,1920,1080,1920,1080,5120,identity,identity,true,true,true,false,1790.7970840000053,1591.9799170000042,0.31166700000176206,198.5054999999993,3859826,17.82580496261007,0.7005930918650076,20.313428497942386,241,decoded payload did not exactly match
rust-dwt,high-detail-photograph,high-detail photograph,1920,1080,1920,1080,10240,identity,identity,true,true,true,false,1800.2509590000118,1573.076000000001,0.3589590000046883,226.81600000000617,4113683,47.99442377664658,0.9998487958428782,0.708087545010288,8,decoded payload did not exactly match
rust-dwt,low-detail-image,low-detail image,640,480,640,480,32,identity,identity,true,true,true,false,147.95387599999958,119.66458399999829,0.008333999998285435,28.28095800000301,10652,27.19178185929799,0.6674584806343609,7.601310763888889,28,decoded payload did not exactly match
rust-dwt,low-detail-image,low-detail image,640,480,640,480,32,jpeg-quality-95,jpeg-recompression,true,true,false,false,608.2092510000075,119.66458399999829,2.4305420000018785,486.11412500000733,2554,27.10940870167958,0.6633331112647095,7.707928602430556,29,decode: Not a Stegstr image (magic not found)
rust-dwt,low-detail-image,low-detail image,640,480,640,480,32,jpeg-quality-90,jpeg-recompression,true,true,false,false,608.6731670000008,119.66458399999829,2.8894580000051064,486.11912499999744,2325,27.110511492692133,0.6633576155929796,7.706061197916667,28,decode: Not a Stegstr image (magic not found)
rust-dwt,low-detail-image,low-detail image,640,480,640,480,32,jpeg-quality-85,jpeg-recompression,true,true,false,false,608.7344169999997,119.66458399999829,2.8736659999995027,486.1961670000019,2266,27.111069644523788,0.6633822948097976,7.7053450520833335,27,decode: Not a Stegstr image (magic not found)
rust-dwt,low-detail-image,low-detail image,640,480,640,480,32,jpeg-quality-80,jpeg-recompression,true,true,false,false,609.6700839999976,119.66458399999829,2.9558749999996508,487.04962499999965,2244,27.111510255082404,0.6633689380441782,7.705327690972222,27,decode: Not a Stegstr image (magic not found)
rust-dwt,low-detail-image,low-detail image,640,480,640,480,32,jpeg-quality-75,jpeg-recompression,true,true,false,false,609.4655420000054,119.66458399999829,3.4629580000037095,486.3380000000034,2224,27.111069644523788,0.6633822948097976,7.7053450520833335,27,decode: Not a Stegstr image (magic not found)
rust-dwt,low-detail-image,low-detail image,640,480,640,480,32,jpeg-quality-70,jpeg-recompression,true,true,false,false,640.5312509999931,119.66458399999829,2.786166999998386,518.0804999999964,2204,27.04285026607705,0.6598314998056527,7.781970486111111,27,decode: Not a Stegstr image (magic not found)
rust-dwt,low-detail-image,low-detail image,640,480,640,480,32,jpeg-quality-60,jpeg-recompression,true,true,false,false,608.749250000008,119.66458399999829,2.7869579999969574,486.2977080000128,2214,26.978826418221313,0.6549829197820899,7.888684895833333,28,decode: Not a Stegstr image (magic not found)
rust-dwt,low-detail-image,low-detail image,640,480,640,480,32,jpeg-quality-50,jpeg-recompression,true,true,false,false,612.9300840000069,119.66458399999829,2.6612089999980526,490.60429100001056,2181,26.611979102728313,0.6277045630540496,8.218875868055555,28,decode: Not a Stegstr image (magic not found)
rust-dwt,low-detail-image,low-detail image,640,480,576,432,32,resize-90-percent,resize,true,true,false,false,458.51179199999024,119.66458399999829,5.192332999999053,333.6548749999929,10427,27.18970200241689,0.6673086697897319,7.606026020233196,28,decode: Not a Stegstr image (magic not found)
rust-dwt,low-detail-image,low-detail image,640,480,480,360,32,resize-75-percent,resize,true,true,false,false,286.68033399998967,119.66458399999829,5.167332999990322,161.84841700000106,6378,27.192087010395404,0.6674565343469786,7.600503472222222,28,decode: Not a Stegstr image (magic not found)
rust-dwt,low-detail-image,low-detail image,640,480,320,240,32,resize-50-percent,resize,true,true,false,false,169.47129299999506,119.66458399999829,4.242417000001296,45.564291999995476,2730,27.191985639677366,0.6674655665154924,7.6,27,decode: Not a Stegstr image (magic not found)
rust-dwt,low-detail-image,low-detail image,640,480,640,480,32,max-dimension-2048,max-dimension,true,true,true,false,143.15196000000287,119.66458399999829,2.9047089999949094,20.58266700000968,11022,27.19178185929799,0.6674584806343609,7.601310763888889,28,decoded payload did not exactly match
rust-dwt,low-detail-image,low-detail image,640,480,640,480,32,max-dimension-1600,max-dimension,true,true,true,false,142.4149599999946,119.66458399999829,2.495167000000947,20.255208999995375,11022,27.19178185929799,0.6674584806343609,7.601310763888889,28,decoded payload did not exactly match
rust-dwt,low-detail-image,low-detail image,640,480,640,480,32,max-dimension-1280,max-dimension,true,true,true,false,142.73737499999697,119.66458399999829,2.6517909999965923,20.421000000002095,11022,27.19178185929799,0.6674584806343609,7.601310763888889,28,decoded payload did not exactly match
rust-dwt,low-detail-image,low-detail image,640,480,640,480,32,png-to-jpeg-quality-80,conversion,true,true,false,false,607.1008749999892,119.66458399999829,2.3570829999953276,485.07920799999556,2244,27.111510255082404,0.6633689380441782,7.705327690972222,27,decode: Not a Stegstr image (magic not found)
rust-dwt,low-detail-image,low-detail image,640,480,640,480,32,jpeg-to-jpeg-recompression-quality-80,jpeg-recompression,true,true,false,false,609.2422090000036,119.66458399999829,3.2897499999962747,486.2878750000091,2244,27.111510255082404,0.6633689380441782,7.705327690972222,27,decode: Not a Stegstr image (magic not found)
rust-dwt,low-detail-image,low-detail image,640,480,640,480,32,metadata-strip,metadata,true,true,true,false,144.30691699999443,119.66458399999829,3.4252080000005662,21.217124999995576,11022,27.19178185929799,0.6674584806343609,7.601310763888889,28,decoded payload did not exactly match
rust-dwt,low-detail-image,low-detail image,640,480,480,360,32,resize-75-percent-then-jpeg-quality-80,combined,true,true,false,false,317.5382499999978,119.66458399999829,4.562832999989041,193.31083300001046,1602,27.117448456006272,0.6633851517174719,7.70087962962963,27,decode: Not a Stegstr image (magic not found)
rust-dwt,low-detail-image,low-detail image,640,480,320,240,32,resize-50-percent-then-jpeg-quality-75,combined,true,true,false,false,184.05508299999929,119.66458399999829,4.258665999994264,60.131833000006736,799,27.111277498028326,0.6633475419135748,7.705164930555555,27,decode: Not a Stegstr image (magic not found)
rust-dwt,low-detail-image,low-detail image,640,480,640,480,128,identity,identity,true,true,true,false,150.63441699999385,122.45816700000432,0.010249999992083758,28.16599999999744,16897,27.19142564622121,0.6674485071110989,7.604704861111111,28,decoded payload did not exactly match
rust-dwt,low-detail-image,low-detail image,640,480,640,480,512,identity,identity,true,true,true,false,152.91783200000646,125.42320800000743,0.007958000001963228,27.486665999997058,42440,27.190009282272577,0.6674088455114638,7.618203125,28,decoded payload did not exactly match
rust-dwt,low-detail-image,low-detail image,640,480,640,480,1024,identity,identity,true,true,true,false,159.6235000000015,132.82829199999105,0.008916000006138347,26.786292000004323,74477,27.188101792124346,0.6673434083793571,7.636388888888889,28,decoded payload did not exactly match
rust-dwt,low-detail-image,low-detail image,640,480,640,480,5120,identity,identity,true,true,true,false,170.44483399999444,141.1726670000062,0.00999999999476131,29.262166999993497,137982,31.62883503548201,0.875132347698056,3.977638888888889,19,decoded payload did not exactly match
rust-dwt,low-detail-image,low-detail image,640,480,640,480,10240,identity,identity,true,true,true,true,164.1177909999824,134.95545799999672,0.011832999996840954,29.150499999988824,115003,55.626836564261374,0.9997288420333932,0.1779904513888889,1,
rust-dwt,screenshot,screenshot,1280,720,1280,720,32,identity,identity,true,true,true,false,414.45304100000067,342.2239580000023,0.013207999989390373,72.21587500000896,28192,14.558111694448145,0.34678228357940183,19.970611255787038,206,decoded payload did not exactly match
rust-dwt,screenshot,screenshot,1280,720,1280,720,128,identity,identity,true,true,true,false,416.8968759999989,343.85804199999257,0.008792000007815659,73.0300419999985,43395,14.558093067149084,0.3467820275497966,19.97586226851852,207,decoded payload did not exactly match
rust-dwt,screenshot,screenshot,1280,720,1280,720,512,identity,identity,true,true,true,false,430.2223759999906,357.9519169999985,0.008166999992681667,72.26229199999943,107521,14.558021371147325,0.34678103853881403,19.996707175925927,207,decoded payload did not exactly match
rust-dwt,screenshot,screenshot,1280,720,1280,720,1024,identity,identity,true,true,true,false,441.52200000001176,364.8530410000094,0.01129199999559205,76.65766700000677,191623,14.557914850522911,0.3467793888806942,20.020339265046296,207,decoded payload did not exactly match
rust-dwt,screenshot,screenshot,1280,720,1280,720,5120,identity,identity,true,true,true,false,460.73770800000057,383.82983299999614,0.012667000002693385,76.89520800000173,359911,14.987371521359027,0.4364222562602365,17.131124131944443,184,decoded payload did not exactly match
rust-dwt,screenshot,screenshot,1280,720,1280,720,10240,identity,identity,true,true,true,true,430.6085000000021,357.2212500000023,0.011042000012821518,73.37620799998695,133986,60.057317155364245,0.9999968632781686,0.06402488425925926,2,
rust-dwt,gradient,gradient,2048,2048,2048,2048,32,identity,identity,true,true,false,false,11360.289206999994,1573.1284580000065,0.01195799998822622,9787.148791,422963,9.421868420806257,0.8135536842054553,55.89774831136068,225,decode: Not a Stegstr image (magic not found)
rust-dwt,gradient,gradient,2048,2048,2048,2048,128,identity,identity,true,true,false,false,11389.550707999966,1595.1065829999861,0.013958999974420294,9794.430166000006,481204,9.421875092191419,0.8135536114235427,55.89842224121094,225,decode: Not a Stegstr image (magic not found)
rust-dwt,gradient,gradient,2048,2048,2048,2048,512,identity,identity,true,true,false,false,11522.880291999987,1628.3295830000134,0.01791699999012053,9894.532791999984,731706,9.421912651076802,0.8135535637617772,55.90094248453776,225,decode: Not a Stegstr image (magic not found)
rust-dwt,gradient,gradient,2048,2048,2048,2048,1024,identity,identity,true,true,false,false,11755.264207999979,1678.8134999999893,0.018749999988358468,10076.431958000001,1057925,9.421948701132317,0.8135533307064428,55.904500325520836,225,decode: Not a Stegstr image (magic not found)
rust-dwt,gradient,gradient,2048,2048,2048,2048,5120,identity,identity,true,true,false,false,13475.607749999996,1919.475207999989,0.1748749999969732,11555.95766700001,2375962,9.421912972141177,0.8135100941989274,56.07465044657389,225,decode: Not a Stegstr image (magic not found)
rust-dwt,gradient,gradient,2048,2048,2048,2048,10240,identity,identity,true,true,false,false,11402.276292000024,1574.4591670000227,0.01462499998160638,9827.80250000002,492826,59.15850171591593,0.99999437501675,0.07892783482869466,1,decode: Not a Stegstr image (magic not found)
rust-dwt,dark-image,dark image,640,480,640,480,32,identity,identity,true,true,true,false,193.90237499997602,163.17137500000536,0.017124999983934686,30.71387499998673,537674,35.61711186752781,0.8513206962969011,2.753717447916667,15,decoded payload did not exactly match
rust-dwt,dark-image,dark image,640,480,640,480,128,identity,identity,true,true,true,false,187.42545700000483,156.8562910000037,0.014750000002095476,30.554415999999037,538026,35.613161251914754,0.8512808211974525,2.7558311631944443,16,decoded payload did not exactly match
rust-dwt,dark-image,dark image,640,480,640,480,512,identity,identity,true,true,true,false,190.66687499996624,157.7537499999744,0.013624999992316589,32.899499999999534,540235,35.59745826740762,0.8511048431765009,2.7645789930555558,16,decoded payload did not exactly match
rust-dwt,dark-image,dark image,640,480,640,480,1024,identity,identity,true,true,true,false,202.41562400001567,160.02691600000253,0.01633300000685267,42.372375000006286,544314,35.580051929341636,0.8509678221788892,2.7764019097222223,16,decoded payload did not exactly match
rust-dwt,dark-image,dark image,640,480,640,480,5120,identity,identity,true,true,true,false,189.75974899998982,158.97070800000802,0.01533299998845905,30.77370799999335,576505,37.15186233500105,0.8981359543050128,2.0458311631944444,16,decoded payload did not exactly match
rust-dwt,dark-image,dark image,640,480,640,480,10240,identity,identity,true,true,true,true,200.53287499997532,162.60037500000908,0.016041999973822385,37.91645799999242,549601,49.01681128333166,0.9941682370356574,0.6290104166666667,3,
rust-dwt,bright-image,bright image,4000,3000,4000,3000,32,identity,identity,true,true,true,false,9635.363417000044,8661.318709000014,1.8848330000182614,972.1598750000121,22083204,49.36274618757718,0.991410824007947,0.6260826666666667,3,decoded payload did not exactly match
rust-dwt,bright-image,bright image,4000,3000,4000,3000,128,identity,identity,true,true,true,false,9669.841625000001,8674.418750000012,1.3126249999913853,994.1102499999979,22121734,49.30913043710668,0.9913702599370312,0.6298526666666666,3,decoded payload did not exactly match
rust-dwt,bright-image,bright image,4000,3000,4000,3000,512,identity,identity,true,true,true,false,9701.666833999974,8712.846292000002,1.6231669999833684,987.1973749999888,22270483,49.1220985170989,0.9912471674654305,0.64368,3,decoded payload did not exactly match
rust-dwt,bright-image,bright image,4000,3000,4000,3000,1024,identity,identity,true,true,true,false,9763.908750000002,8728.99325,2.1900000000023283,1032.7255000000005,22472789,48.87899643545474,0.991075222313723,0.6624306666666666,3,decoded payload did not exactly match
rust-dwt,bright-image,bright image,4000,3000,4000,3000,5120,identity,identity,true,true,true,false,9888.587750999985,8842.02350000001,1.4005419999884907,1045.1637089999858,23265457,47.81411734529539,0.9881131475811985,0.7278791666666666,3,decoded payload did not exactly match
rust-dwt,bright-image,bright image,4000,3000,4000,3000,10240,identity,identity,true,true,true,true,9673.095166000014,8697.433374999993,2.018833000009181,973.6429580000113,22082835,49.35227180951596,0.9914002147620798,0.6269631666666666,3,
rust-dot,normal-photograph,normal photograph,1280,720,1280,720,32,identity,identity,true,true,true,true,484.6195839999418,469.87416699997266,0.1635829999577254,14.58183400001144,2765798,30.948969730064842,0.9915410698729562,0.5471571180555556,255,
rust-dot,normal-photograph,normal photograph,1280,720,1280,720,128,identity,identity,true,true,true,true,475.0241659999592,460.1090419999673,0.1794579999987036,14.735665999993216,2765798,26.1267949627305,0.9746174030478292,1.2160177951388889,255,
rust-dot,normal-photograph,normal photograph,1280,720,1280,720,512,identity,identity,true,true,true,true,479.48904100002255,460.3481250000186,0.10641599999507889,19.034500000008848,2765798,20.385973740369337,0.9096448511183586,3.9213255931712965,255,
rust-dot,normal-photograph,normal photograph,1280,720,1280,720,512,jpeg-quality-95,jpeg-recompression,true,true,true,true,620.2452500000363,460.3481250000186,10.868125000037253,149.02899999998044,685789,20.57828603983722,0.9122072866463329,4.942459490740741,255,
rust-dot,normal-photograph,normal photograph,1280,720,1280,720,512,jpeg-quality-90,jpeg-recompression,true,true,true,true,611.4010419999831,460.3481250000186,10.291499999992084,140.76141699997243,564039,20.60947216324289,0.9127570510663086,5.409745732060185,255,
rust-dot,normal-photograph,normal photograph,1280,720,1280,720,512,jpeg-quality-85,jpeg-recompression,true,true,true,true,604.0764990000171,460.3481250000186,9.705790999985766,134.02258300001267,492886,20.500861015691992,0.9122193647588126,6.62113208912037,255,
rust-dot,normal-photograph,normal photograph,1280,720,1280,720,512,jpeg-quality-80,jpeg-recompression,true,true,true,true,597.5460000000312,460.3481250000186,8.752250000019558,128.44562499999302,409438,20.49268409043398,0.9092992051618094,6.805269097222222,255,
rust-dot,normal-photograph,normal photograph,1280,720,1280,720,512,jpeg-quality-75,jpeg-recompression,true,true,true,true,596.8446669999976,460.3481250000186,8.81487499998184,127.6816669999971,377025,20.379400960744356,0.9081286570836021,7.326267361111111,255,
rust-dot,normal-photograph,normal photograph,1280,720,1280,720,512,jpeg-quality-70,jpeg-recompression,true,true,true,true,593.7421660000691,460.3481250000186,8.164250000030734,125.22979100001976,354590,20.210943272852443,0.9059509364008678,8.212734013310186,255,
rust-dot,normal-photograph,normal photograph,1280,720,1280,720,512,jpeg-quality-60,jpeg-recompression,true,true,true,true,589.4514160000253,460.3481250000186,7.636208000010811,121.46708299999591,292921,19.97948526274832,0.898798613467114,9.154784794560186,255,
rust-dot,normal-photograph,normal photograph,1280,720,1280,720,512,jpeg-quality-50,jpeg-recompression,true,true,true,true,585.7388330000103,460.3481250000186,6.963541000033729,118.42716699995799,253331,19.852757810131855,0.8943835540450832,10.097683738425927,255,
rust-dot,normal-photograph,normal photograph,1280,720,1152,648,512,resize-90-percent,resize,true,true,false,false,542.8872490000213,460.3481250000186,34.56366599997273,47.9754580000299,2170203,22.2324051596534,0.9371710058222024,6.686948534665066,255,decode: Magic not found
rust-dot,normal-photograph,normal photograph,1280,720,960,540,512,resize-75-percent,resize,true,true,false,false,518.9859170000418,460.3481250000186,24.05999999999767,34.57779200002551,1503271,23.147454294067195,0.9469589070676905,6.531331661522634,250,decode: Insufficient payload bits
rust-dot,normal-photograph,normal photograph,1280,720,640,360,512,resize-50-percent,resize,true,true,false,false,490.5547080000397,460.3481250000186,11.965958000044338,18.240624999976717,660033,25.253817491235978,0.9638887453050871,5.9543272569444445,161,decode: Insufficient payload bits
rust-dot,normal-photograph,normal photograph,1280,720,1280,720,512,max-dimension-2048,max-dimension,true,true,true,true,551.9402080000145,460.3481250000186,40.84887499996694,50.74320800002897,2614213,20.384645685492888,0.9096014416412138,4.0600361689814815,255,
rust-dot,normal-photograph,normal photograph,1280,720,1280,720,512,max-dimension-1600,max-dimension,true,true,true,true,552.6586670000688,460.3481250000186,41.54266700003063,50.76787500001956,2614213,20.384645685492888,0.9096014416412138,4.0600361689814815,255,
rust-dot,normal-photograph,normal photograph,1280,720,1280,720,512,max-dimension-1280,max-dimension,true,true,true,true,553.1239990000613,460.3481250000186,41.57345800002804,51.20241600001464,2614213,20.384645685492888,0.9096014416412138,4.0600361689814815,255,
rust-dot,normal-photograph,normal photograph,1280,720,1280,720,512,png-to-jpeg-quality-80,conversion,true,true,true,true,598.0841260000016,460.3481250000186,9.339208999997936,128.396791999985,409438,20.49268409043398,0.9092992051618094,6.805269097222222,255,
rust-dot,normal-photograph,normal photograph,1280,720,1280,720,512,jpeg-to-jpeg-recompression-quality-80,jpeg-recompression,true,true,true,true,598.3455830000457,460.3481250000186,8.773749999993015,129.2237080000341,409438,20.49268409043398,0.9092992051618094,6.805269097222222,255,
rust-dot,normal-photograph,normal photograph,1280,720,1280,720,512,metadata-strip,metadata,true,true,true,true,552.2545830000308,460.3481250000186,41.347083000000566,50.55937500001164,2614213,20.384645685492888,0.9096014416412138,4.0600361689814815,255,
rust-dot,normal-photograph,normal photograph,1280,720,960,540,512,resize-75-percent-then-jpeg-quality-80,combined,true,true,false,false,545.0957499999786,460.3481250000186,6.873791999998502,77.87383299996145,228337,22.54229237263051,0.9378360986274441,9.014668209876543,252,decode: Insufficient payload bits
rust-dot,normal-photograph,normal photograph,1280,720,640,360,512,resize-50-percent-then-jpeg-quality-75,combined,true,true,false,false,503.3031240000273,460.3481250000186,4.004207999969367,38.95079100003932,85133,23.878538499889626,0.9480539700529995,9.77355179398148,185,decode: Insufficient payload bits
rust-dot,normal-photograph,normal photograph,1280,720,1280,720,1024,identity,identity,true,true,true,true,474.69270800001686,458.38925000000745,0.04870800004573539,16.25474999996368,2765798,17.436411167234557,0.8331768554398316,7.525390263310185,255,
rust-dot,normal-photograph,normal photograph,1280,720,,,5120,identity,identity,true,false,false,false,133.8774170000106,133.8774170000106,0,0,,,,,,"Image too small: need 41064 bits, have 17040"
rust-dot,normal-photograph,normal photograph,1280,720,,,10240,identity,identity,true,false,false,false,137.68191599997226,137.68191599997226,0,0,,,,,,"Image too small: need 82024 bits, have 17040"
rust-dot,high-detail-photograph,high-detail photograph,1920,1080,1920,1080,32,identity,identity,true,true,true,true,1104.8834999999963,978.3700409999583,0.21225000004051253,126.30120899999747,3906932,34.91748541165026,0.9946583101535018,0.3676832561728395,255,
rust-dot,high-detail-photograph,high-detail photograph,1920,1080,1920,1080,128,identity,identity,true,true,true,true,1098.6373330000206,972.4911250000005,0.2450420000241138,125.90116599999601,3928532,29.793227290032874,0.9825000071439508,0.6697849151234568,255,
rust-dot,high-detail-photograph,high-detail photograph,1920,1080,1920,1080,512,identity,identity,true,true,true,true,1093.4515419999952,969.7445420000004,0.07541699998546392,123.63158300000941,3994124,24.07844638778926,0.9372057797617301,1.8654407793209877,255,
rust-dot,high-detail-photograph,high-detail photograph,1920,1080,1920,1080,1024,identity,identity,true,true,true,true,1090.760083000001,965.1539999999804,0.31108299997868016,125.29500000004191,4035433,21.10171009208534,0.8816110190727563,3.4674238040123457,255,
rust-dot,high-detail-photograph,high-detail photograph,1920,1080,1920,1080,1024,jpeg-quality-95,jpeg-recompression,true,true,true,true,1316.1862499999697,965.1539999999804,34.98616700002458,316.0460829999647,1171475,21.442609686186955,0.8879537802062379,4.54338236239712,254,
rust-dot,high-detail-photograph,high-detail photograph,1920,1080,1920,1080,1024,jpeg-quality-90,jpeg-recompression,true,true,true,true,1298.780706999998,965.1539999999804,33.05491599999368,300.57179100002395,921113,21.550131039801105,0.8901236777897065,4.961242926954733,255,
rust-dot,high-detail-photograph,high-detail photograph,1920,1080,1920,1080,1024,jpeg-quality-85,jpeg-recompression,true,true,true,true,1277.4867499999818,965.1539999999804,33.49862500000745,278.83412499999395,785256,21.55605542437796,0.891148265136491,5.696033468364197,255,
rust-dot,high-detail-photograph,high-detail photograph,1920,1080,1920,1080,1024,jpeg-quality-80,jpeg-recompression,true,true,true,true,1252.6837909999886,965.1539999999804,32.42183299997123,255.1079580000369,603659,21.58956858189091,0.8889344386301862,5.882970518261317,254,
rust-dot,high-detail-photograph,high-detail photograph,1920,1080,1920,1080,1024,jpeg-quality-75,jpeg-recompression,true,true,true,true,1243.7878759999876,965.1539999999804,30.928834000020288,247.70504199998686,546864,21.490387099729027,0.887097796118633,6.271165605709877,254,
rust-dot,high-detail-photograph,high-detail photograph,1920,1080,1920,1080,1024,jpeg-quality-70,jpeg-recompression,true,true,true,true,1242.8769999999786,965.1539999999804,32.06150000001071,245.66149999998743,510048,21.359760094049204,0.8847783284696381,6.860278903034979,254,
rust-dot,high-detail-photograph,high-detail photograph,1920,1080,1920,1080,1024,jpeg-quality-60,jpeg-recompression,true,true,true,true,1229.8930420000106,965.1539999999804,30.469333000015467,234.2697090000147,414870,21.1042876276666,0.8776115670196201,7.79840647505144,254,
rust-dot,high-detail-photograph,high-detail photograph,1920,1080,1920,1080,1024,jpeg-quality-50,jpeg-recompression,true,true,true,true,1226.0329589999747,965.1539999999804,29.834124999993946,231.04483400000026,355488,21.118650369075528,0.8778845416200965,8.284246077674897,250,
rust-dot,high-detail-photograph,high-detail photograph,1920,1080,1728,972,1024,resize-90-percent,resize,true,true,false,false,1133.5953339999542,965.1539999999804,72.83391699998174,95.60741699999198,4008596,22.962655629447983,0.9201966522402522,5.653458885840573,255,decode: Insufficient payload bits
rust-dot,high-detail-photograph,high-detail photograph,1920,1080,1440,810,1024,resize-75-percent,resize,true,true,false,false,1085.1316670000087,965.1539999999804,52.8772089999984,67.1004580000299,2816538,23.875561822310864,0.934509093253558,5.587537151348879,248,decode: Insufficient payload bits
rust-dot,high-detail-photograph,high-detail photograph,1920,1080,960,540,1024,resize-50-percent,resize,true,true,false,false,1031.922957999981,965.1539999999804,32.80770800000755,33.961249999993015,1258240,25.923392604101572,0.9592100866173842,5.1903639403292186,157,decode: Insufficient payload bits
rust-dot,high-detail-photograph,high-detail photograph,1920,1080,1920,1080,1024,max-dimension-2048,max-dimension,true,true,true,true,1144.9592920000432,965.1539999999804,80.72287500003586,99.08241700002691,4385246,21.09964821325741,0.8816086132161641,3.5687877764917695,255,
rust-dot,high-detail-photograph,high-detail photograph,1920,1080,1600,900,1024,max-dimension-1600,max-dimension,true,true,false,false,1109.699666999979,965.1539999999804,63.446916999993846,81.09875000000466,3465718,24.4517746189834,0.9427024126503819,5.529213888888889,243,decode: Insufficient payload bits
rust-dot,high-detail-photograph,high-detail photograph,1920,1080,1280,720,1024,max-dimension-1280,max-dimension,true,true,false,false,1063.7592080000322,965.1539999999804,43.487333000055514,55.117874999996275,2232416,24.165817611062693,0.9383685664563951,5.865937138310185,143,decode: Insufficient payload bits
rust-dot,high-detail-photograph,high-detail photograph,1920,1080,1920,1080,1024,png-to-jpeg-quality-80,conversion,true,true,true,true,1250.8236249999609,965.1539999999804,31.1739579999703,254.49566700001014,603659,21.58956858189091,0.8889344386301862,5.882970518261317,254,
rust-dot,high-detail-photograph,high-detail photograph,1920,1080,1920,1080,1024,jpeg-to-jpeg-recompression-quality-80,jpeg-recompression,true,true,true,true,1256.9084169999696,965.1539999999804,32.07749999995576,259.6769170000334,603659,21.58956858189091,0.8889344386301862,5.882970518261317,254,
rust-dot,high-detail-photograph,high-detail photograph,1920,1080,1920,1080,1024,metadata-strip,metadata,true,true,true,true,1146.148874000006,965.1539999999804,81.40629100002116,99.58858300000429,4385246,21.09964821325741,0.8816086132161641,3.5687877764917695,255,
rust-dot,high-detail-photograph,high-detail photograph,1920,1080,1440,810,1024,resize-75-percent-then-jpeg-quality-80,combined,true,true,false,false,1151.4841260000248,965.1539999999804,29.601584000047296,156.7285419999971,352007,23.576720377971036,0.9277846605205409,7.329623342478281,228,decode: Magic not found
rust-dot,high-detail-photograph,high-detail photograph,1920,1080,960,540,1024,resize-50-percent-then-jpeg-quality-75,combined,true,true,false,false,1064.5969579999219,965.1539999999804,26.352957999974024,73.0899999999674,127988,25.521753834278762,0.9526080680929558,7.085735596707819,154,decode: Insufficient payload bits
rust-dot,high-detail-photograph,high-detail photograph,1920,1080,,,5120,identity,identity,true,false,false,false,272.1913750000531,272.1913750000531,0,0,,,,,,"Image too small: need 41064 bits, have 38400"
rust-dot,high-detail-photograph,high-detail photograph,1920,1080,,,10240,identity,identity,true,false,false,false,268.93108300003223,268.93108300003223,0,0,,,,,,"Image too small: need 82024 bits, have 38400"
rust-dot,low-detail-image,low-detail image,640,480,640,480,32,identity,identity,true,true,true,true,176.55649999994785,161.34212499996647,0.007333000015933067,15.20704199996544,14566,27.3083248952042,0.6524358846027055,0.9053472222222222,181,
rust-dot,low-detail-image,low-detail image,640,480,640,480,32,jpeg-quality-95,jpeg-recompression,true,true,true,true,193.5922089999076,161.34212499996647,1.993166999949608,30.256916999991518,33317,27.849017470708468,0.6734372500520516,1.2768250868055555,169,
rust-dot,low-detail-image,low-detail image,640,480,640,480,32,jpeg-quality-90,jpeg-recompression,true,true,true,true,191.7147920000134,161.34212499996647,1.9332080000313,28.43945900001563,25982,27.888351676852583,0.6740280468718982,1.368994140625,159,
rust-dot,low-detail-image,low-detail image,640,480,640,480,32,jpeg-quality-85,jpeg-recompression,true,true,true,true,195.5504170000204,161.34212499996647,2.4402500000433065,31.76804200001061,22246,27.863727460689297,0.6727591904320428,1.4956325954861112,160,
rust-dot,low-detail-image,low-detail image,640,480,640,480,32,jpeg-quality-80,jpeg-recompression,true,true,true,true,191.18720799998846,161.34212499996647,2.431458000035491,27.413624999986496,19662,27.839078336040252,0.6709053204309612,1.574343532986111,156,
rust-dot,low-detail-image,low-detail image,640,480,640,480,32,jpeg-quality-75,jpeg-recompression,true,true,true,true,190.93491700000595,161.34212499996647,1.791042000055313,27.801749999984168,18258,27.668670028943335,0.6630206150487812,1.6983387586805556,152,
rust-dot,low-detail-image,low-detail image,640,480,640,480,32,jpeg-quality-70,jpeg-recompression,true,true,true,true,190.6559169999673,161.34212499996647,1.9367499999934807,27.37704200000735,16909,27.457089361397713,0.6543681399127175,1.9817708333333333,152,
rust-dot,low-detail-image,low-detail image,640,480,640,480,32,jpeg-quality-60,jpeg-recompression,true,true,true,true,193.16404200001853,161.34212499996647,1.8078340000356548,30.0140830000164,14794,27.080593876388647,0.6349889816335691,2.3328841145833334,151,
rust-dot,low-detail-image,low-detail image,640,480,640,480,32,jpeg-quality-50,jpeg-recompression,true,true,true,true,190.7582499999553,161.34212499996647,2.3808330000028946,27.03529199998593,12760,27.393142171211267,0.6741565650050136,2.405791015625,151,
rust-dot,low-detail-image,low-detail image,640,480,576,432,32,resize-90-percent,resize,true,true,false,false,177.00204099999974,161.34212499996647,3.6328750000102445,12.027041000023019,50004,29.582538223642434,0.760584016586491,1.0428254136659807,181,decode: Payload too short
rust-dot,low-detail-image,low-detail image,640,480,480,360,32,resize-75-percent,resize,true,true,false,false,174.72254200000316,161.34212499996647,3.1215420000371523,10.258874999999534,23875,30.851008818894638,0.8094792101131689,0.9881385030864197,168,decode: Payload too short
rust-dot,low-detail-image,low-detail image,640,480,320,240,32,resize-50-percent,resize,true,true,false,false,171.58070900000166,161.34212499996647,2.7729590000235476,7.4656250000116415,9463,33.78062279012034,0.8924569156147946,0.8931553819444444,94,decode: Payload too short
rust-dot,low-detail-image,low-detail image,640,480,640,480,32,max-dimension-2048,max-dimension,true,true,true,true,174.5660429999698,161.34212499996647,2.3620840000221506,10.861833999981172,10069,27.3083248952042,0.6524358846027055,0.9053472222222222,181,
rust-dot,low-detail-image,low-detail image,640,480,640,480,32,max-dimension-1600,max-dimension,true,true,true,true,174.2673739999882,161.34212499996647,1.9619160000002012,10.963333000021521,10069,27.3083248952042,0.6524358846027055,0.9053472222222222,181,
rust-dot,low-detail-image,low-detail image,640,480,640,480,32,max-dimension-1280,max-dimension,true,true,true,true,175.0761249999632,161.34212499996647,2.7049579999875277,11.029042000009213,10069,27.3083248952042,0.6524358846027055,0.9053472222222222,181,
rust-dot,low-detail-image,low-detail image,640,480,640,480,32,png-to-jpeg-quality-80,conversion,true,true,true,true,190.7835409999825,161.34212499996647,1.8806660000118427,27.56075000000419,19662,27.839078336040252,0.6709053204309612,1.574343532986111,156,
rust-dot,low-detail-image,low-detail image,640,480,640,480,32,jpeg-to-jpeg-recompression-quality-80,jpeg-recompression,true,true,true,true,190.98024999996414,161.34212499996647,1.9040000000386499,27.734124999959022,19662,27.839078336040252,0.6709053204309612,1.574343532986111,156,
rust-dot,low-detail-image,low-detail image,640,480,640,480,32,metadata-strip,metadata,true,true,true,true,174.41995800001314,161.34212499996647,2.068500000052154,11.009332999994513,10069,27.3083248952042,0.6524358846027055,0.9053472222222222,181,
rust-dot,low-detail-image,low-detail image,640,480,480,360,32,resize-75-percent-then-jpeg-quality-80,combined,true,true,false,false,184.5364169999957,161.34212499996647,2.763666999991983,20.430625000037253,14804,30.451604718856085,0.7962886211107811,2.104645061728395,151,decode: Payload too short
rust-dot,low-detail-image,low-detail image,640,480,320,240,32,resize-50-percent-then-jpeg-quality-75,combined,true,true,false,false,177.47925099998247,161.34212499996647,3.1809590000193566,12.95616699999664,5288,35.290045359142994,0.924003944625197,1.7962022569444445,66,decode: Payload too short
rust-dot,low-detail-image,low-detail image,640,480,640,480,128,identity,identity,true,true,true,true,142.7717100000009,127.60979200003203,0.005834000010509044,15.156083999958355,30777,22.35492600806412,0.37351353141161364,2.834811197916667,181,
rust-dot,low-detail-image,low-detail image,640,480,640,480,512,identity,identity,true,true,true,true,149.93216599995503,133.04154099995503,0.008374999975785613,16.882250000024214,96587,16.64600032072038,0.1344813860407056,10.554481336805555,181,
rust-dot,low-detail-image,low-detail image,640,480,,,1024,identity,identity,true,false,false,false,53.87816700001713,53.87816700001713,0,0,,,,,,"Image too small: need 8296 bits, have 5706"
rust-dot,low-detail-image,low-detail image,640,480,,,5120,identity,identity,true,false,false,false,53.82762499997625,53.82762499997625,0,0,,,,,,"Image too small: need 41064 bits, have 5706"
rust-dot,low-detail-image,low-detail image,640,480,,,10240,identity,identity,true,false,false,false,53.81691699998919,53.81691699998919,0,0,,,,,,"Image too small: need 82024 bits, have 5706"
rust-dot,screenshot,screenshot,1280,720,1280,720,32,identity,identity,true,true,true,true,397.24291700002505,365.33608300000196,0.005792000039946288,31.901041999983136,22724,32.39633630851258,0.9931665630172034,0.18660662615740742,253,
rust-dot,screenshot,screenshot,1280,720,1280,720,128,identity,identity,true,true,true,true,398.9692080000532,366.7862080000341,0.006959000020287931,32.176040999998804,34556,27.443648990549335,0.9788254499891514,0.5845551215277778,253,
rust-dot,screenshot,screenshot,1280,720,1280,720,512,identity,identity,true,true,true,true,401.7007079999894,368.6295420000097,0.014665999973658472,33.056500000006054,87580,21.734447534491494,0.9241189501883955,2.1773770254629627,253,
rust-dot,screenshot,screenshot,1280,720,1280,720,1024,identity,identity,true,true,true,true,414.3957079999964,377.6504999999888,0.009541000006720424,36.73566700000083,154027,18.783159926945785,0.8574267831098147,4.292508680555556,253,
rust-dot,screenshot,screenshot,1280,720,,,5120,identity,identity,true,false,false,false,146.7584579999675,146.7584579999675,0,0,,,,,,"Image too small: need 41064 bits, have 17040"
rust-dot,screenshot,screenshot,1280,720,,,10240,identity,identity,true,false,false,false,143.2547500000219,143.2547500000219,0,0,,,,,,"Image too small: need 82024 bits, have 17040"
rust-dot,gradient,gradient,2048,2048,2048,2048,32,identity,identity,true,true,true,true,1829.6629579999717,1671.9718749999884,0.059249999991152436,157.63183299999218,788664,37.28426628796985,0.9980133279212519,0.07212376594543457,255,
rust-dot,gradient,gradient,2048,2048,2048,2048,128,identity,identity,true,true,true,true,1860.72775000002,1710.7916250000126,0.01799999998183921,149.9181250000256,858708,32.8341253155368,0.9947162008079574,0.20813918113708496,255,
rust-dot,gradient,gradient,2048,2048,2048,2048,512,identity,identity,true,true,true,true,1872.8709590000217,1724.3980839999858,0.01900000002933666,148.45387500000652,941386,27.13540876397273,0.9806561948719958,0.7688068548838297,255,
rust-dot,gradient,gradient,2048,2048,2048,2048,1024,identity,identity,true,true,true,true,1879.2869579999824,1728.0196250000154,0.02066699997521937,151.24666599999182,1052919,24.205937251110733,0.9626169189270758,1.5144209067026775,255,
rust-dot,gradient,gradient,2048,2048,2048,2048,5120,identity,identity,true,true,true,true,1924.8353750000242,1765.36745900003,0.0327079999842681,159.43520800000988,1622215,17.257434924631102,0.833093636836764,7.499740362167358,255,
rust-dot,gradient,gradient,2048,2048,,,10240,identity,identity,true,false,false,false,671.1678330000141,671.1678330000141,0,0,,,,,,"Image too small: need 82024 bits, have 77520"
rust-dot,dark-image,dark image,640,480,640,480,32,identity,identity,true,true,true,true,171.1323749999865,150.75949999998556,0.011750000005122274,20.36112499999581,487369,23.27910596528678,0.20388363423387898,1.2938075086805556,250,
rust-dot,dark-image,dark image,640,480,640,480,128,identity,identity,true,true,true,true,171.3559580000583,150.21945800003596,0.013457999972160906,21.12304200005019,494547,18.317765290459974,0.07353190333922349,4.055050998263889,250,
rust-dot,dark-image,dark image,640,480,640,480,512,identity,identity,true,true,true,true,178.05375000002095,150.7078750000219,0.013374999980442226,27.332500000018626,505932,12.609577677578546,0.01708771924189808,15.094712456597222,250,
rust-dot,dark-image,dark image,640,480,,,1024,identity,identity,true,false,false,false,52.52266600000439,52.52266600000439,0,0,,,,,,"Image too small: need 8296 bits, have 5706"
rust-dot,dark-image,dark image,640,480,,,5120,identity,identity,true,false,false,false,54.69545800000196,54.69545800000196,0,0,,,,,,"Image too small: need 41064 bits, have 5706"
rust-dot,dark-image,dark image,640,480,,,10240,identity,identity,true,false,false,false,56.04816700000083,56.04816700000083,0,0,,,,,,"Image too small: need 82024 bits, have 5706"
rust-dot,bright-image,bright image,4000,3000,4000,3000,32,identity,identity,true,true,true,true,5802.615750999947,5170.715833999973,1.5969579999800771,630.3029589999933,21169427,43.8605627344074,0.9679174292485249,0.012574833333333334,254,
rust-dot,bright-image,bright image,4000,3000,4000,3000,128,identity,identity,true,true,true,true,5717.504917000013,5131.551708000014,1.4431670000194572,584.5100419999799,21166207,38.897891839414655,0.9058582261025739,0.039418166666666664,254,
rust-dot,bright-image,bright image,4000,3000,4000,3000,512,identity,identity,true,true,true,true,5715.533209000016,5136.525917000021,0.4416670000064187,578.5656249999884,21209891,33.189905713440574,0.7210662236134237,0.14672741666666667,254,
rust-dot,bright-image,bright image,4000,3000,4000,3000,1024,identity,identity,true,true,true,true,5705.354625000036,5135.808416999993,1.4833330000401475,568.0628750000033,21274981,30.231894240436166,0.5666669180935928,0.28991875,254,
rust-dot,bright-image,bright image,4000,3000,4000,3000,5120,identity,identity,true,true,true,true,5719.490584000014,5153.0775419999845,0.43533300003036857,565.9777089999989,21776025,23.28664165648548,0.20880735811808554,1.4348688333333333,254,
rust-dot,bright-image,bright image,4000,3000,4000,3000,10240,identity,identity,true,true,true,true,5752.558500000043,5155.642625000037,1.2772920000134036,595.6385829999927,21882738,20.28120275171934,0.11640142397124344,2.8664556666666665,254,
typescript-dot,normal-photograph,normal photograph,1280,720,1280,720,32,identity,identity,true,true,true,true,88.0932089999551,62.64791699999478,0.27700000000186265,25.168291999958456,2758388,30.987449365797755,0.9915638421087484,0.3190646701388889,255,
typescript-dot,normal-photograph,normal photograph,1280,720,1280,720,128,identity,identity,true,true,true,true,84.51975000003586,60.91708300000755,0.05637500004377216,23.546291999984533,2752055,26.1046943828567,0.9744357204769079,0.9939424189814815,255,
typescript-dot,normal-photograph,normal photograph,1280,720,1280,720,512,identity,identity,true,true,true,true,81.28845699998783,60.38354100001743,0.06699999998090789,20.83791599998949,2723261,20.39148829509573,0.9097138108323123,3.6975817418981483,255,
typescript-dot,normal-photograph,normal photograph,1280,720,1280,720,512,jpeg-quality-95,jpeg-recompression,true,true,true,true,86.8992900000303,60.38354100001743,16.775083000015,9.740665999997873,685626,20.58471721415531,0.9122886397926636,4.712893156828704,255,
typescript-dot,normal-photograph,normal photograph,1280,720,1280,720,512,jpeg-quality-90,jpeg-recompression,true,true,true,true,84.93350000004284,60.38354100001743,16.217166999995243,8.332792000030167,564129,20.618702377022146,0.9128882609107962,5.211732494212963,255,
typescript-dot,normal-photograph,normal photograph,1280,720,1280,720,512,jpeg-quality-85,jpeg-recompression,true,true,true,true,84.68420799996238,60.38354100001743,16.091291999968234,8.209374999976717,492966,20.521090033211877,0.9125381143051611,6.225168547453704,255,
typescript-dot,normal-photograph,normal photograph,1280,720,1280,720,512,jpeg-quality-80,jpeg-recompression,true,true,true,true,84.41470699995989,60.38354100001743,15.73258299997542,8.298582999967039,409400,20.496228527256022,0.9093096347588676,6.644860026041667,255,
typescript-dot,normal-photograph,normal photograph,1280,720,1280,720,512,jpeg-quality-75,jpeg-recompression,true,true,true,true,83.69195800001035,60.38354100001743,15.716041999985464,7.592375000007451,376890,20.386682122822698,0.9081994630308465,7.182090928819444,255,
typescript-dot,normal-photograph,normal photograph,1280,720,1280,720,512,jpeg-quality-70,jpeg-recompression,true,true,true,true,84.65962400002172,60.38354100001743,15.664583000005223,8.611499999999069,354506,20.22599451945007,0.9062086400488187,7.90608326099537,255,
typescript-dot,normal-photograph,normal photograph,1280,720,1280,720,512,jpeg-quality-60,jpeg-recompression,true,true,true,true,83.76137500000186,60.38354100001743,15.981334000010975,7.396499999973457,292968,19.982086968542085,0.8987731621064351,8.999157986111111,255,
typescript-dot,normal-photograph,normal photograph,1280,720,1280,720,512,jpeg-quality-50,jpeg-recompression,true,true,true,true,82.68370699998923,60.38354100001743,15.194916000007652,7.105249999964144,253253,19.849303607748688,0.8942389197825514,9.814683521412038,255,
typescript-dot,normal-photograph,normal photograph,1280,720,1152,648,512,resize-90-percent,resize,true,true,false,false,125.20612400001846,60.38354100001743,47.722583000024315,17.099999999976717,2385499,22.23426445457115,0.9371698962367345,6.664949756372885,255,decoder returned no payload
typescript-dot,normal-photograph,normal photograph,1280,720,960,540,512,resize-75-percent,resize,true,true,false,false,107.55283299996518,60.38354100001743,36.00845899997512,11.160832999972627,1658870,23.15197480560868,0.946983700767832,6.5167232510288065,251,decoder returned no payload
typescript-dot,normal-photograph,normal photograph,1280,720,640,360,512,resize-50-percent,resize,true,true,false,false,89.0618330000434,60.38354100001743,22.44858299999032,6.229709000035655,730309,25.26148412228396,0.9639044334719308,5.938742766203704,161,decoder returned no payload
typescript-dot,normal-photograph,normal photograph,1280,720,1280,720,512,max-dimension-2048,max-dimension,true,true,true,true,130.79679199995007,60.38354100001743,54.4840419999673,15.92920899996534,2723261,20.38965293457951,0.9096678832114337,3.902412109375,255,
typescript-dot,normal-photograph,normal photograph,1280,720,1280,720,512,max-dimension-1600,max-dimension,true,true,true,true,131.62449900002684,60.38354100001743,55.10574999998789,16.13520800002152,2723261,20.38965293457951,0.9096678832114337,3.902412109375,255,
typescript-dot,normal-photograph,normal photograph,1280,720,1280,720,512,max-dimension-1280,max-dimension,true,true,true,true,131.28974900004687,60.38354100001743,54.802250000007916,16.10395800002152,2723261,20.38965293457951,0.9096678832114337,3.902412109375,255,
typescript-dot,normal-photograph,normal photograph,1280,720,1280,720,512,png-to-jpeg-quality-80,conversion,true,true,true,true,84.65499900002033,60.38354100001743,16.3568329999689,7.914625000033993,409400,20.496228527256022,0.9093096347588676,6.644860026041667,255,
typescript-dot,normal-photograph,normal photograph,1280,720,1280,720,512,jpeg-to-jpeg-recompression-quality-80,jpeg-recompression,true,true,true,true,84.63879100000486,60.38354100001743,15.778249999973923,8.477000000013504,409400,20.496228527256022,0.9093096347588676,6.644860026041667,255,
typescript-dot,normal-photograph,normal photograph,1280,720,1280,720,512,metadata-strip,metadata,true,true,true,true,129.0101240000222,60.38354100001743,52.650250000006054,15.976332999998704,2723261,20.38965293457951,0.9096678832114337,3.902412109375,255,
typescript-dot,normal-photograph,normal photograph,1280,720,960,540,512,resize-75-percent-then-jpeg-quality-80,combined,true,true,false,false,85.86841600009939,60.38354100001743,20.177042000053916,5.30783300002804,228379,22.565568076101513,0.9380803278278737,8.846924511316873,248,decoder returned no payload
typescript-dot,normal-photograph,normal photograph,1280,720,640,360,512,resize-50-percent-then-jpeg-quality-75,combined,true,true,false,false,82.28370700002415,60.38354100001743,19.163125000020955,2.7370409999857657,85103,23.894300327810853,0.9481366871084073,9.74300636574074,170,decoder returned no payload
typescript-dot,normal-photograph,normal photograph,1280,720,1280,720,1024,identity,identity,true,true,true,true,77.32845900004031,60.789374999993015,0.05933400004869327,16.479749999998603,2680123,17.439022594440125,0.8332384070548671,7.30790943287037,255,
typescript-dot,normal-photograph,normal photograph,1280,720,,,5120,identity,identity,true,false,false,false,6.752083000028506,6.752083000028506,0,0,,,,,,"Payload too large: need 41064 bits, have 17040"
typescript-dot,normal-photograph,normal photograph,1280,720,,,10240,identity,identity,true,false,false,false,6.275708000001032,6.275708000001032,0,0,,,,,,"Payload too large: need 82024 bits, have 17040"
typescript-dot,high-detail-photograph,high-detail photograph,1920,1080,1920,1080,32,identity,identity,true,true,true,true,140.8682920000283,107.57058400003007,0.313040999986697,32.98466700001154,4460736,34.978337961325565,0.9946455817665759,0.13593589248971194,255,
typescript-dot,high-detail-photograph,high-detail photograph,1920,1080,1920,1080,128,identity,identity,true,true,true,true,143.94549900002312,109.85829200001899,0.15991600003326312,33.927290999970865,4457927,29.803493857647272,0.9824555419789262,0.4391010802469136,255,
typescript-dot,high-detail-photograph,high-detail photograph,1920,1080,1920,1080,512,identity,identity,true,true,true,true,143.39858400000958,109.70891699998174,0.09133399999700487,33.598333000030834,4445827,24.08579808586066,0.937227894187655,1.6357640496399177,255,
typescript-dot,high-detail-photograph,high-detail photograph,1920,1080,1920,1080,1024,identity,identity,true,true,true,true,142.28558399999747,108.88195900002029,0.08358299999963492,33.32004199997755,4426987,21.10634322963896,0.8816587972868735,3.240101433899177,255,
typescript-dot,high-detail-photograph,high-detail photograph,1920,1080,1920,1080,1024,jpeg-quality-95,jpeg-recompression,true,true,true,true,157.63179200002924,108.88195900002029,31.051749999984168,17.69808300002478,1171340,21.449055743080848,0.8880651609704179,4.402891589506173,254,
typescript-dot,high-detail-photograph,high-detail photograph,1920,1080,1920,1080,1024,jpeg-quality-90,jpeg-recompression,true,true,true,true,156.87604200001806,108.88195900002029,30.96495799999684,17.02912500000093,921042,21.555905975473305,0.8902133866143431,4.843413387345679,255,
typescript-dot,high-detail-photograph,high-detail photograph,1920,1080,1920,1080,1024,jpeg-quality-85,jpeg-recompression,true,true,true,true,155.17691700003343,108.88195900002029,29.711833000008482,16.583125000004657,785204,21.567658035936116,0.89132768528853,5.465918852880659,255,
typescript-dot,high-detail-photograph,high-detail photograph,1920,1080,1920,1080,1024,jpeg-quality-80,jpeg-recompression,true,true,true,true,153.07733399997232,108.88195900002029,28.898124999948777,15.29725000000326,603689,21.596572216953852,0.8890434262764106,5.758570119598765,253,
typescript-dot,high-detail-photograph,high-detail photograph,1920,1080,1920,1080,1024,jpeg-quality-75,jpeg-recompression,true,true,true,true,154.71220900001936,108.88195900002029,30.68599999998696,15.144250000012107,546932,21.496706438855213,0.8871919488259175,6.164557934670782,255,
typescript-dot,high-detail-photograph,high-detail photograph,1920,1080,1920,1080,1024,jpeg-quality-70,jpeg-recompression,true,true,true,true,152.19283399998676,108.88195900002029,28.669916999991983,14.64095799997449,510014,21.36817867738229,0.8849119892944352,6.706059027777778,255,
typescript-dot,high-detail-photograph,high-detail photograph,1920,1080,1920,1080,1024,jpeg-quality-60,jpeg-recompression,true,true,true,true,151.47362500004238,108.88195900002029,28.509125000040513,14.082540999981575,414926,21.105316363640977,0.8775573151567475,7.705249485596708,254,
typescript-dot,high-detail-photograph,high-detail photograph,1920,1080,1920,1080,1024,jpeg-quality-50,jpeg-recompression,true,true,true,true,151.01100100000622,108.88195900002029,28.37475000001723,13.7542919999687,355348,21.13387252003978,0.8781843272752303,8.112670396090534,251,
typescript-dot,high-detail-photograph,high-detail photograph,1920,1080,1728,972,1024,resize-90-percent,resize,true,true,false,false,231.87266700004693,108.88195900002029,92.29008300002897,30.70062499999767,4316648,22.96762321138897,0.9202468924692382,5.632597371462683,255,decoder returned no payload
typescript-dot,high-detail-photograph,high-detail photograph,1920,1080,1440,810,1024,resize-75-percent,resize,true,true,false,false,197.30000100005418,108.88195900002029,66.96012500004144,21.45791699999245,3022996,23.876213514200234,0.9344677076594164,5.570125743026978,248,decoder returned no payload
typescript-dot,high-detail-photograph,high-detail photograph,1920,1080,960,540,1024,resize-50-percent,resize,true,true,false,false,160.1087520000292,108.88195900002029,41.431084000039846,9.795708999969065,1343734,25.9327798427085,0.9592259771090751,5.174252829218107,156,decoder returned no payload
typescript-dot,high-detail-photograph,high-detail photograph,1920,1080,1920,1080,1024,max-dimension-2048,max-dimension,true,true,true,true,239.89800100005232,108.88195900002029,97.58295900002122,33.43308300001081,4426987,21.103658257128668,0.8816569081952232,3.4078581532921812,255,
typescript-dot,high-detail-photograph,high-detail photograph,1920,1080,1600,900,1024,max-dimension-1600,max-dimension,true,true,false,false,215.72400100005325,108.88195900002029,80.76808400003938,26.07395799999358,3728499,24.455270614089144,0.9426995203427748,5.512026851851852,243,decoder returned no payload
typescript-dot,high-detail-photograph,high-detail photograph,1920,1080,1280,720,1024,max-dimension-1280,max-dimension,true,true,false,false,180.11283399997046,108.88195900002029,54.01199999998789,17.21887499996228,2398296,24.172270200394465,0.9383953984480751,5.850376157407408,143,decoder returned no payload
typescript-dot,high-detail-photograph,high-detail photograph,1920,1080,1920,1080,1024,png-to-jpeg-quality-80,conversion,true,true,true,true,153.96516700001666,108.88195900002029,28.15387500001816,16.929332999978215,603689,21.596572216953852,0.8890434262764106,5.758570119598765,253,
typescript-dot,high-detail-photograph,high-detail photograph,1920,1080,1920,1080,1024,jpeg-to-jpeg-recompression-quality-80,jpeg-recompression,true,true,true,true,153.48975100001553,108.88195900002029,28.78100000001723,15.826791999978013,603689,21.596572216953852,0.8890434262764106,5.758570119598765,253,
typescript-dot,high-detail-photograph,high-detail photograph,1920,1080,1920,1080,1024,metadata-strip,metadata,true,true,true,true,238.08841700002085,108.88195900002029,97.70633299998008,31.50012500002049,4426987,21.103658257128668,0.8816569081952232,3.4078581532921812,255,
typescript-dot,high-detail-photograph,high-detail photograph,1920,1080,1440,810,1024,resize-75-percent-then-jpeg-quality-80,combined,true,true,false,false,158.37562599999364,108.88195900002029,38.43312499998137,11.060541999991983,351861,23.595144467449217,0.9279438583346564,7.209910836762688,228,decoder returned no payload
typescript-dot,high-detail-photograph,high-detail photograph,1920,1080,960,540,1024,resize-50-percent-then-jpeg-quality-75,combined,true,true,false,false,148.3380420000758,108.88195900002029,34.52962500002468,4.926458000030834,127865,25.541849688595878,0.9526821972586231,7.07009966563786,166,decoder returned no payload
typescript-dot,high-detail-photograph,high-detail photograph,1920,1080,,,5120,identity,identity,true,false,false,false,10.495374999998603,10.495374999998603,0,0,,,,,,"Payload too large: need 41064 bits, have 38400"
typescript-dot,high-detail-photograph,high-detail photograph,1920,1080,,,10240,identity,identity,true,false,false,false,9.96833299996797,9.96833299996797,0,0,,,,,,"Payload too large: need 82024 bits, have 38400"
typescript-dot,low-detail-image,low-detail image,640,480,640,480,32,identity,identity,true,true,true,true,10.784209000063129,5.413250000041444,0.007292000052984804,5.3636669999687,12066,27.3083248952042,0.6524358846026695,0.9053472222222222,181,
typescript-dot,low-detail-image,low-detail image,640,480,640,480,32,jpeg-quality-95,jpeg-recompression,true,true,true,true,10.618167000007816,5.413250000041444,1.9089999999850988,3.295916999981273,33360,27.8483658433704,0.6734245941187307,1.2776627604166666,169,
typescript-dot,low-detail-image,low-detail image,640,480,640,480,32,jpeg-quality-90,jpeg-recompression,true,true,true,true,9.42112499999348,5.413250000041444,2.0195419999654405,1.9883329999865964,26022,27.88784459812103,0.673987058174069,1.3689409722222223,158,
typescript-dot,low-detail-image,low-detail image,640,480,640,480,32,jpeg-quality-85,jpeg-recompression,true,true,true,true,9.360000000044238,5.413250000041444,1.9802919999929145,1.9664580000098795,22316,27.872146104788037,0.6731878793594819,1.4929828559027778,160,
typescript-dot,low-detail-image,low-detail image,640,480,640,480,32,jpeg-quality-80,jpeg-recompression,true,true,true,true,9.07104100001743,5.413250000041444,1.7905409999657422,1.8672500000102445,19708,27.8396557256018,0.670926098306234,1.5750455729166666,156,
typescript-dot,low-detail-image,low-detail image,640,480,640,480,32,jpeg-quality-75,jpeg-recompression,true,true,true,true,9.028541000036057,5.413250000041444,1.7685829999973066,1.8467079999973066,18289,27.659798406635208,0.6625243318182938,1.701365017361111,152,
typescript-dot,low-detail-image,low-detail image,640,480,640,480,32,jpeg-quality-70,jpeg-recompression,true,true,true,true,8.985292000055779,5.413250000041444,1.766875000030268,1.805166999984067,16926,27.45538807019856,0.6542469458357297,1.9844108072916666,152,
typescript-dot,low-detail-image,low-detail image,640,480,640,480,32,jpeg-quality-60,jpeg-recompression,true,true,true,true,8.889916000014637,5.413250000041444,1.6860410000081174,1.7906249999650754,14852,27.05829995341599,0.6336769152215026,2.336819661458333,151,
typescript-dot,low-detail-image,low-detail image,640,480,640,480,32,jpeg-quality-50,jpeg-recompression,true,true,true,true,8.836790999979712,5.413250000041444,1.6334579999675043,1.790082999970764,12795,27.361485771005224,0.6724203806615486,2.4166221788194444,151,
typescript-dot,low-detail-image,low-detail image,640,480,576,432,32,resize-90-percent,resize,true,true,false,false,11.39691600005608,5.413250000041444,4.304208000015933,1.6794579999987036,54390,29.582351469185806,0.7605934689628933,1.0442159100651578,181,decoder returned no payload
typescript-dot,low-detail-image,low-detail image,640,480,480,360,32,resize-75-percent,resize,true,true,false,false,10.354375000053551,5.413250000041444,3.640917000011541,1.3002080000005662,29722,30.834923494657378,0.8088496510357279,0.9864409722222223,168,decoder returned no payload
typescript-dot,low-detail-image,low-detail image,640,480,320,240,32,resize-50-percent,resize,true,true,false,false,9.45754199998919,5.413250000041444,3.294666999951005,0.7496249999967404,10090,33.78144114588946,0.8924819558402397,0.8930598958333333,94,decoder returned no payload
typescript-dot,low-detail-image,low-detail image,640,480,640,480,32,max-dimension-2048,max-dimension,true,true,true,true,9.116084000037517,5.413250000041444,2.259542000014335,1.4432919999817386,12066,27.3083248952042,0.6524358846026695,0.9053472222222222,181,
typescript-dot,low-detail-image,low-detail image,640,480,640,480,32,max-dimension-1600,max-dimension,true,true,true,true,8.926541000022553,5.413250000041444,2.1314999999594875,1.3817910000216216,12066,27.3083248952042,0.6524358846026695,0.9053472222222222,181,
typescript-dot,low-detail-image,low-detail image,640,480,640,480,32,max-dimension-1280,max-dimension,true,true,true,true,9.0978340000147,5.413250000041444,2.2014169999747537,1.4831669999985024,12066,27.3083248952042,0.6524358846026695,0.9053472222222222,181,
typescript-dot,low-detail-image,low-detail image,640,480,640,480,32,png-to-jpeg-quality-80,conversion,true,true,true,true,9.251958000066224,5.413250000041444,1.940999999991618,1.8977080000331625,19708,27.8396557256018,0.670926098306234,1.5750455729166666,156,
typescript-dot,low-detail-image,low-detail image,640,480,640,480,32,jpeg-to-jpeg-recompression-quality-80,jpeg-recompression,true,true,true,true,9.127625000081025,5.413250000041444,1.8605410000309348,1.8538340000086464,19708,27.8396557256018,0.670926098306234,1.5750455729166666,156,
typescript-dot,low-detail-image,low-detail image,640,480,640,480,32,metadata-strip,metadata,true,true,true,true,9.223542000108864,5.413250000041444,2.2915000000502914,1.5187920000171289,12066,27.3083248952042,0.6524358846026695,0.9053472222222222,181,
typescript-dot,low-detail-image,low-detail image,640,480,480,360,32,resize-75-percent-then-jpeg-quality-80,combined,true,true,false,false,10.347292000020389,5.413250000041444,3.4777499999618158,1.4562920000171289,14784,30.418923247385685,0.7949934121711149,2.1062770061728395,145,decoder returned no payload
typescript-dot,low-detail-image,low-detail image,640,480,320,240,32,resize-50-percent-then-jpeg-quality-75,combined,true,true,false,false,9.338457999983802,5.413250000041444,3.005124999966938,0.9200829999754205,5286,35.31845024337325,0.9244692203941103,1.7842144097222221,66,decoder returned no payload
typescript-dot,low-detail-image,low-detail image,640,480,640,480,128,identity,identity,true,true,true,true,5.3052909999969415,3.7002920000231825,0.007540999969933182,1.5974580000038259,14375,22.35492600806412,0.37351353141161364,2.834811197916667,181,
typescript-dot,low-detail-image,low-detail image,640,480,640,480,512,identity,identity,true,true,true,true,7.428207999968436,5.510165999992751,0.007166999974288046,1.910875000001397,23421,16.64600032072038,0.13448138604068444,10.554481336805555,181,
typescript-dot,low-detail-image,low-detail image,640,480,,,1024,identity,identity,true,false,false,false,1.1530420000199229,1.1530420000199229,0,0,,,,,,"Payload too large: need 8296 bits, have 5706"
typescript-dot,low-detail-image,low-detail image,640,480,,,5120,identity,identity,true,false,false,false,1.0736670000478625,1.0736670000478625,0,0,,,,,,"Payload too large: need 41064 bits, have 5706"
typescript-dot,low-detail-image,low-detail image,640,480,,,10240,identity,identity,true,false,false,false,1.3433339999755844,1.3433339999755844,0,0,,,,,,"Payload too large: need 82024 bits, have 5706"
typescript-dot,screenshot,screenshot,1280,720,1280,720,32,identity,identity,true,true,true,true,8.83883300004527,5.333083000034094,0.0054579999996349216,3.500292000011541,27453,32.38509885813296,0.9931485692862245,0.18698712384259258,253,
typescript-dot,screenshot,screenshot,1280,720,1280,720,128,identity,identity,true,true,true,true,10.372999999963213,6.279166999971494,0.0058330000028945506,4.087999999988824,30517,27.43523184015356,0.9787860777453103,0.5854463252314814,253,
typescript-dot,screenshot,screenshot,1280,720,1280,720,512,identity,identity,true,true,true,true,11.512291999999434,7.499791999987792,0.007540999969933182,4.004959000041708,37673,21.732185221203327,0.924081002764556,2.1782682291666666,253,
typescript-dot,screenshot,screenshot,1280,720,1280,720,1024,identity,identity,true,true,true,true,13.400251000013668,9.037917000008747,0.006166999984998256,4.356167000019923,46149,18.77955306258089,0.8573147738633317,4.2953125,253,
typescript-dot,screenshot,screenshot,1280,720,,,5120,identity,identity,true,false,false,false,3.5194159999955446,3.5194159999955446,0,0,,,,,,"Payload too large: need 41064 bits, have 17040"
typescript-dot,screenshot,screenshot,1280,720,,,10240,identity,identity,true,false,false,false,2.648624999972526,2.648624999972526,0,0,,,,,,"Payload too large: need 82024 bits, have 17040"
typescript-dot,gradient,gradient,2048,2048,2048,2048,32,identity,identity,true,true,true,true,82.19479199999478,43.260542000003625,0.022999999986495823,38.91125000000466,967004,37.284280773030574,0.9980132873114589,0.07212360699971516,255,
typescript-dot,gradient,gradient,2048,2048,2048,2048,128,identity,identity,true,true,true,true,76.87937599996803,43.35195899999235,0.02275000000372529,33.50466699997196,984667,32.83428128319515,0.994716462078063,0.20813441276550293,255,
typescript-dot,gradient,gradient,2048,2048,2048,2048,512,identity,identity,true,true,true,true,80.84566699998686,50.82554200000595,0.025082999956794083,29.995042000024114,1043747,27.135405964580848,0.9806564161155832,0.7688071727752686,255,
typescript-dot,gradient,gradient,2048,2048,2048,2048,1024,identity,identity,true,true,true,true,123.48691699997289,50.6516249999986,0.024625000020023435,72.81066699995426,1114039,24.205911583354286,0.9626164671079224,1.514426628748576,255,
typescript-dot,gradient,gradient,2048,2048,2048,2048,5120,identity,identity,true,true,true,true,109.40475000004517,79.06550000002608,0.030375000031199306,30.308874999987893,1500123,17.25745090402261,0.8330947680092522,7.499722719192505,255,
typescript-dot,gradient,gradient,2048,2048,,,10240,identity,identity,true,false,false,false,10.239250000042375,10.239250000042375,0,0,,,,,,"Payload too large: need 82024 bits, have 77520"
typescript-dot,dark-image,dark image,640,480,640,480,32,identity,identity,true,true,true,true,8.535581999924034,5.95270799996797,0.006082999985665083,2.576790999970399,25083,23.27580435008011,0.20337120815360432,1.294718967013889,250,
typescript-dot,dark-image,dark image,640,480,640,480,128,identity,identity,true,true,true,true,8.113249999994878,6.222874999977648,0.007250000024214387,1.883124999993015,33065,18.320362927178998,0.07398839248838535,4.052804904513889,250,
typescript-dot,dark-image,dark image,640,480,640,480,512,identity,identity,true,true,true,true,10.500707999919541,8.438541999959853,0.006124999956227839,2.056041000003461,53182,12.609517687913732,0.01707891668067874,15.094905598958333,250,
typescript-dot,dark-image,dark image,640,480,,,1024,identity,identity,true,false,false,false,1.1849999999976717,1.1849999999976717,0,0,,,,,,"Payload too large: need 8296 bits, have 5706"
typescript-dot,dark-image,dark image,640,480,,,5120,identity,identity,true,false,false,false,1.2197920000180602,1.2197920000180602,0,0,,,,,,"Payload too large: need 41064 bits, have 5706"
typescript-dot,dark-image,dark image,640,480,,,10240,identity,identity,true,false,false,false,1.4810419999994338,1.4810419999994338,0,0,,,,,,"Payload too large: need 82024 bits, have 5706"
typescript-dot,bright-image,bright image,4000,3000,4000,3000,32,identity,identity,true,true,true,true,182.83512500004144,74.16012499999488,0.015000000013969839,108.6600000000326,370238,43.857594698168604,0.9678954521735924,0.012582,254,
typescript-dot,bright-image,bright image,4000,3000,4000,3000,128,identity,identity,true,true,true,true,156.91279099998064,54.62025000003632,0.01204099995084107,102.28049999999348,388045,38.89190563388461,0.9057281056587757,0.0394635,254,
typescript-dot,bright-image,bright image,4000,3000,4000,3000,512,identity,identity,true,true,true,true,153.41829200001666,57.52054100000532,0.016208999964874238,95.88154200004647,421262,33.191243105557135,0.7211523078520297,0.14668975,254,
typescript-dot,bright-image,bright image,4000,3000,4000,3000,1024,identity,identity,true,true,true,true,151.19458399998257,58.52416699996684,0.014375000027939677,92.65604199998779,448288,30.23127448312074,0.5666049080293365,0.28995325,254,
typescript-dot,bright-image,bright image,4000,3000,4000,3000,5120,identity,identity,true,true,true,true,171.47925100004068,78.88179200002924,0.014667000039480627,92.58279199997196,589231,23.28556367613219,0.20860984600279864,1.4351658333333333,254,
typescript-dot,bright-image,bright image,4000,3000,4000,3000,10240,identity,identity,true,true,true,true,210.8189180000336,114.07995899999514,0.01966700004413724,96.71929199999431,679286,20.28064404796378,0.1162866926324518,2.866763166666667,254,
typescript-qim,normal-photograph,normal photograph,1280,720,1280,720,32,identity,identity,true,true,true,true,325.83116699999664,144.3228329999838,0.011292000010143965,181.4970420000027,332047,29.40520656144175,0.988395138289425,6.736129557291667,52,
typescript-qim,normal-photograph,normal photograph,1280,720,1280,720,128,identity,identity,true,true,true,true,422.2835419999901,234.1455829999759,0.012417000019922853,188.1255419999943,332441,28.86657771809109,0.9867836050011219,7.206340784143518,55,
typescript-qim,normal-photograph,normal photograph,1280,720,1280,720,512,identity,identity,true,true,true,true,413.9465420000488,253.92862500000047,0.010624999995343387,160.00729200005298,334605,27.1929987740762,0.9803325681426489,8.774746455439814,69,
typescript-qim,normal-photograph,normal photograph,1280,720,1280,720,512,jpeg-quality-95,jpeg-recompression,true,true,true,true,426.3751259999699,253.92862500000047,9.759458999964409,162.68704200000502,482202,26.550759261371905,0.9768936408427106,9.459281322337963,72,
typescript-qim,normal-photograph,normal photograph,1280,720,1280,720,512,jpeg-quality-90,jpeg-recompression,true,true,true,true,458.0289579999517,253.92862500000047,9.399249999958556,194.70108299999265,412286,26.49134259145096,0.9770321720508506,9.524810474537038,71,
typescript-qim,normal-photograph,normal photograph,1280,720,1280,720,512,jpeg-quality-85,jpeg-recompression,true,true,true,true,443.42404199996963,253.92862500000047,8.915374999982305,180.58004199998686,374269,24.304384200053455,0.9620180767012467,12.246408781828704,85,
typescript-qim,normal-photograph,normal photograph,1280,720,1280,720,512,jpeg-quality-80,jpeg-recompression,true,true,true,true,429.1207919999724,253.92862500000047,9.079874999995809,166.11229199997615,349370,28.54196883257204,0.9852194509824267,7.404126519097222,67,
typescript-qim,normal-photograph,normal photograph,1280,720,1280,720,512,jpeg-quality-75,jpeg-recompression,true,true,true,true,449.1161660000216,253.92862500000047,9.005833000002895,186.18170800001826,334457,30.440533413049685,0.9904923295262682,5.94927734375,48,
typescript-qim,normal-photograph,normal photograph,1280,720,1280,720,512,jpeg-quality-70,jpeg-recompression,true,true,true,true,444.7014579999959,253.92862500000047,8.235875000013039,182.5369579999824,321904,28.38470395212003,0.985630890661448,7.4929423466435185,80,
typescript-qim,normal-photograph,normal photograph,1280,720,1280,720,512,jpeg-quality-60,jpeg-recompression,true,true,true,true,430.899000000034,253.92862500000047,9.062000000034459,167.90837499999907,291245,22.261731559150846,0.9400975330811513,15.129138454861112,115,
typescript-qim,normal-photograph,normal photograph,1280,720,1280,720,512,jpeg-quality-50,jpeg-recompression,true,true,true,true,434.95591600000625,253.92862500000047,7.595666000037454,173.43162499996834,254872,20.81140030604542,0.9151684169617705,17.814385127314814,159,
typescript-qim,normal-photograph,normal photograph,1280,720,1152,648,512,resize-90-percent,resize,true,true,false,false,406.0718329999363,253.92862500000047,10.020082999952137,142.1231249999837,440198,27.865546097113707,0.9823331857730111,8.130263703132144,67,decoder returned no payload
typescript-qim,normal-photograph,normal photograph,1280,720,960,540,512,resize-75-percent,resize,true,true,false,false,354.82462400000077,253.92862500000047,8.255915999994613,92.64008300000569,312256,28.64435815106518,0.9846798486053612,7.452141203703704,52,decoder returned no payload
typescript-qim,normal-photograph,normal photograph,1280,720,640,360,512,resize-50-percent,resize,true,true,false,false,302.97950000007404,253.92862500000047,6.694333000050392,42.35654200002318,136110,29.903165815099776,0.9871372640287585,6.464939236111111,46,decoder returned no payload
typescript-qim,normal-photograph,normal photograph,1280,720,1280,720,512,max-dimension-2048,max-dimension,true,true,true,true,447.83654099999694,253.92862500000047,8.723832999996375,185.1840830000001,422728,27.310835161362085,0.9807434752035781,8.66157009548611,67,
typescript-qim,normal-photograph,normal photograph,1280,720,1280,720,512,max-dimension-1600,max-dimension,true,true,true,true,440.9297089999891,253.92862500000047,9.474042000016198,177.52704199997243,422728,27.310835161362085,0.9807434752035781,8.66157009548611,67,
typescript-qim,normal-photograph,normal photograph,1280,720,1280,720,512,max-dimension-1280,max-dimension,true,true,true,true,424.8748749999795,253.92862500000047,9.330957999976818,161.61529200000223,422728,27.310835161362085,0.9807434752035781,8.66157009548611,67,
typescript-qim,normal-photograph,normal photograph,1280,720,1280,720,512,png-to-jpeg-quality-80,conversion,true,true,true,true,437.2235009999713,253.92862500000047,9.13170899997931,174.16316699999152,349370,28.54196883257204,0.9852194509824267,7.404126519097222,67,
typescript-qim,normal-photograph,normal photograph,1280,720,1280,720,512,jpeg-to-jpeg-recompression-quality-80,jpeg-recompression,true,true,true,true,444.21120800002245,253.92862500000047,9.129958000034094,181.1526249999879,349370,28.54196883257204,0.9852194509824267,7.404126519097222,67,
typescript-qim,normal-photograph,normal photograph,1280,720,1280,720,512,metadata-strip,metadata,true,true,true,true,452.38154199998826,253.92862500000047,9.308334000001196,189.1445829999866,422728,27.310835161362085,0.9807434752035781,8.66157009548611,67,
typescript-qim,normal-photograph,normal photograph,1280,720,960,540,512,resize-75-percent-then-jpeg-quality-80,combined,true,true,false,false,340.48783400002867,253.92862500000047,7.614791999978479,78.94441700004973,212651,27.255694351178335,0.9788375425934438,8.67601015946502,65,decoder returned no payload
typescript-qim,normal-photograph,normal photograph,1280,720,640,360,512,resize-50-percent-then-jpeg-quality-75,combined,true,true,false,false,300.63750000001164,253.92862500000047,6.019041999999899,40.68983300001128,80358,28.4796928209905,0.9820451975369624,7.529408275462963,57,decoder returned no payload
typescript-qim,normal-photograph,normal photograph,1280,720,1280,720,1024,identity,identity,true,true,true,true,429.52129200007766,237.8145839999779,0.00987500004703179,191.69683300005272,337085,25.65310158412672,0.9718228940374828,10.488872974537037,72,
typescript-qim,normal-photograph,normal photograph,1280,720,,,5120,identity,identity,true,false,false,false,19.18391600000905,19.18391600000905,0,0,,,,,,"Payload too large: need 415680 bits, have 345600 AC coefficients available"
typescript-qim,normal-photograph,normal photograph,1280,720,,,10240,identity,identity,true,false,false,false,25.043041999975685,25.043041999975685,0,0,,,,,,"Payload too large: need 825280 bits, have 345600 AC coefficients available"
typescript-qim,high-detail-photograph,high-detail photograph,1920,1080,1920,1080,32,identity,identity,true,true,true,true,581.0297929999651,157.68645899998955,0.010624999995343387,423.33270899998024,350796,33.138972889100934,0.9931248904203632,4.093805137602881,57,
typescript-qim,high-detail-photograph,high-detail photograph,1920,1080,1920,1080,128,identity,identity,true,true,true,true,709.5053330000374,281.83299999998417,0.010208000021521002,427.66212500003166,352297,32.67795362450388,0.9921956245954683,4.408019547325103,56,
typescript-qim,high-detail-photograph,high-detail photograph,1920,1080,1920,1080,512,identity,identity,true,true,true,true,935.9767509999219,520.8009169999859,0.01645899994764477,415.15937499998836,357731,31.36335158615846,0.9889322306081115,5.242196019804527,54,
typescript-qim,high-detail-photograph,high-detail photograph,1920,1080,1920,1080,1024,identity,identity,true,true,true,true,961.3837089998997,534.3356669999775,0.011958999966736883,427.0360829999554,366511,30.035419684908888,0.9844706291684608,6.1879206854423865,56,
typescript-qim,high-detail-photograph,high-detail photograph,1920,1080,1920,1080,1024,jpeg-quality-95,jpeg-recompression,true,true,true,true,970.7410829999717,534.3356669999775,13.040957999997772,423.3644579999964,533978,29.58784034450791,0.982149006887513,6.480045974794239,61,
typescript-qim,high-detail-photograph,high-detail photograph,1920,1080,1920,1080,1024,jpeg-quality-90,jpeg-recompression,true,true,true,true,999.2558329999447,534.3356669999775,12.587249999982305,452.33291599998483,451012,29.317295038493278,0.9818769021804092,6.662676826131687,63,
typescript-qim,high-detail-photograph,high-detail photograph,1920,1080,1920,1080,1024,jpeg-quality-85,jpeg-recompression,true,true,true,true,987.0170829999843,534.3356669999775,12.282915999996476,440.39850000001024,412769,27.530060563423167,0.9713732410173347,8.006688046553498,86,
typescript-qim,high-detail-photograph,high-detail photograph,1920,1080,1920,1080,1024,jpeg-quality-80,jpeg-recompression,true,true,true,true,1000.114625999995,534.3356669999775,12.3131670000148,453.4657920000027,381605,31.675137820593324,0.9888419926411943,5.197437950102881,50,
typescript-qim,high-detail-photograph,high-detail photograph,1920,1080,1920,1080,1024,jpeg-quality-75,jpeg-recompression,true,true,true,true,984.3565829999861,534.3356669999775,12.295958000002429,437.72495800000615,366537,32.59109321851283,0.9906281283857624,4.690058031121399,34,
typescript-qim,high-detail-photograph,high-detail photograph,1920,1080,1920,1080,1024,jpeg-quality-70,jpeg-recompression,true,true,true,true,1002.5135419999715,534.3356669999775,12.056125000002794,456.12174999999115,349347,31.377100617996533,0.9890204786318024,5.365590599279836,50,
typescript-qim,high-detail-photograph,high-detail photograph,1920,1080,1920,1080,1024,jpeg-quality-60,jpeg-recompression,true,true,true,true,989.5912089999183,534.3356669999775,11.235708999971393,444.01983299996937,317845,27.220769812853565,0.9706977681957238,8.135328896604939,116,
typescript-qim,high-detail-photograph,high-detail photograph,1920,1080,1920,1080,1024,jpeg-quality-50,jpeg-recompression,true,true,true,true,975.7989579999703,534.3356669999775,11.614457999996375,429.8488329999964,276854,26.03574648398675,0.9602166993741406,9.041267200360082,150,
typescript-qim,high-detail-photograph,high-detail photograph,1920,1080,1728,972,1024,resize-90-percent,resize,true,true,false,false,915.6238759999978,534.3356669999775,15.354083999991417,365.93412500002887,598904,30.43570870804494,0.9854695560532597,5.956136601064371,51,decoder returned no payload
typescript-qim,high-detail-photograph,high-detail photograph,1920,1080,1440,810,1024,resize-75-percent,resize,true,true,false,false,785.9743759999401,534.3356669999775,12.3330839999835,239.30562499997905,434553,30.907460759273707,0.9869182061537147,5.690620141746685,43,decoder returned no payload
typescript-qim,high-detail-photograph,high-detail photograph,1920,1080,960,540,1024,resize-50-percent,resize,true,true,false,false,639.4112079999759,534.3356669999775,10.013458000030369,95.06208299996797,195529,31.94813479018756,0.9895729942870075,5.082821502057613,37,decoder returned no payload
typescript-qim,high-detail-photograph,high-detail photograph,1920,1080,1920,1080,1024,max-dimension-2048,max-dimension,true,true,true,true,987.4530839999788,534.3356669999775,12.279666999995243,440.83775000000605,463792,30.109107139325157,0.9846769511617175,6.14314380787037,56,
typescript-qim,high-detail-photograph,high-detail photograph,1920,1080,1600,900,1024,max-dimension-1600,max-dimension,true,true,false,false,833.740792000026,534.3356669999775,13.801625000021886,285.60350000002654,520348,30.664855113810287,0.9861898734470622,5.816959259259259,49,decoder returned no payload
typescript-qim,high-detail-photograph,high-detail photograph,1920,1080,1280,720,1024,max-dimension-1280,max-dimension,true,true,false,false,727.290542999981,534.3356669999775,11.331583999970462,181.62329200003296,342992,31.310805472686965,0.9880488513034626,5.426176215277778,46,decoder returned no payload
typescript-qim,high-detail-photograph,high-detail photograph,1920,1080,1920,1080,1024,png-to-jpeg-quality-80,conversion,true,true,true,true,981.8727089999593,534.3356669999775,12.083958000002895,435.45308399997884,381605,31.675137820593324,0.9888419926411943,5.197437950102881,50,
typescript-qim,high-detail-photograph,high-detail photograph,1920,1080,1920,1080,1024,jpeg-to-jpeg-recompression-quality-80,jpeg-recompression,true,true,true,true,992.3348760000081,534.3356669999775,12.371167000033893,445.62804199999664,381605,31.675137820593324,0.9888419926411943,5.197437950102881,50,
typescript-qim,high-detail-photograph,high-detail photograph,1920,1080,1920,1080,1024,metadata-strip,metadata,true,true,true,true,990.5846259999671,534.3356669999775,12.698875000001863,443.5500839999877,463792,30.109107139325157,0.9846769511617175,6.14314380787037,56,
typescript-qim,high-detail-photograph,high-detail photograph,1920,1080,1440,810,1024,resize-75-percent-then-jpeg-quality-80,combined,true,true,false,false,781.222875999927,534.3356669999775,11.618499999982305,235.2687089999672,262458,30.58125981625964,0.9857946633742328,5.841421181984454,57,decoder returned no payload
typescript-qim,high-detail-photograph,high-detail photograph,1920,1080,960,540,1024,resize-50-percent-then-jpeg-quality-75,combined,true,true,false,false,639.1442510000197,534.3356669999775,9.546417000005022,95.26216700003715,99852,31.7137376104558,0.9887788349020508,5.156280221193415,50,decoder returned no payload
typescript-qim,high-detail-photograph,high-detail photograph,1920,1080,1920,1080,5120,identity,identity,true,true,false,false,1032.1395410000114,587.6477910000249,0.011999999987892807,444.4797499999986,448079,24.714775403265314,0.9451337502488023,11.566522955246914,110,decoder returned no payload
typescript-qim,high-detail-photograph,high-detail photograph,1920,1080,,,10240,identity,identity,true,false,false,false,26.32583300000988,26.32583300000988,0,0,,,,,,"Payload too large: need 825280 bits, have 777600 AC coefficients available"
typescript-qim,low-detail-image,low-detail image,640,480,640,480,32,identity,identity,true,true,true,true,122.40912500000559,81.734582999954,0.003917000023648143,40.67062500002794,6781,37.66016609445238,0.9545267475123809,2.7881770833333333,11,
typescript-qim,low-detail-image,low-detail image,640,480,640,480,32,jpeg-quality-95,jpeg-recompression,true,true,true,true,131.17524999997113,81.734582999954,1.896041999978479,47.54462500003865,10623,37.850874235046426,0.9557105003215636,2.7422200520833333,8,
typescript-qim,low-detail-image,low-detail image,640,480,640,480,32,jpeg-quality-90,jpeg-recompression,true,true,true,true,134.10512599995127,81.734582999954,1.672958999988623,50.697584000008646,8008,37.78805935138671,0.9549357646888045,2.772835286458333,8,
typescript-qim,low-detail-image,low-detail image,640,480,640,480,32,jpeg-quality-85,jpeg-recompression,true,true,true,true,130.98924899991835,81.734582999954,1.784332999959588,47.47033300000476,7418,37.863118948580734,0.9557546760946226,2.727490234375,9,
typescript-qim,low-detail-image,low-detail image,640,480,640,480,32,jpeg-quality-80,jpeg-recompression,true,true,true,true,130.69437499990454,81.734582999954,1.6603749999776483,47.29941699997289,6506,37.65496867223844,0.9540848254044801,2.802001953125,9,
typescript-qim,low-detail-image,low-detail image,640,480,640,480,32,jpeg-quality-75,jpeg-recompression,true,true,true,true,130.87666599988006,81.734582999954,1.7509579999605194,47.39112499996554,6781,37.78384813250122,0.9550526208731116,2.7675455729166667,8,
typescript-qim,low-detail-image,low-detail image,640,480,640,480,32,jpeg-quality-70,jpeg-recompression,true,true,true,true,133.91649999999208,81.734582999954,1.684000000008382,50.4979170000297,5566,38.12345848461675,0.9585409820779762,2.6291015625,8,
typescript-qim,low-detail-image,low-detail image,640,480,640,480,32,jpeg-quality-60,jpeg-recompression,true,true,true,true,131.89066699997056,81.734582999954,1.4182499999878928,48.73783400002867,5535,37.58648484638285,0.9539758741854117,2.8035319010416666,9,
typescript-qim,low-detail-image,low-detail image,640,480,640,480,32,jpeg-quality-50,jpeg-recompression,true,true,true,true,131.72362399997655,81.734582999954,1.789374999993015,48.19966600002954,5609,37.618172682540745,0.9576297132931796,2.802864583333333,8,
typescript-qim,low-detail-image,low-detail image,640,480,576,432,32,resize-90-percent,resize,true,true,false,false,124.79212499997811,81.734582999954,2.8513749999692664,40.20616700005485,32697,37.66292445326592,0.9546350012541999,2.700323913323045,13,decoder returned no payload
typescript-qim,low-detail-image,low-detail image,640,480,480,360,32,resize-75-percent,resize,true,true,false,false,116.21970799996052,81.734582999954,2.409875000012107,32.07524999999441,22625,37.4982231266286,0.9529733401479821,2.7826466049382717,12,decoder returned no payload
typescript-qim,low-detail-image,low-detail image,640,480,320,240,32,resize-50-percent,resize,true,true,false,false,96.04504100000486,81.734582999954,2.1707080000196584,12.1397500000312,8185,37.69008178943669,0.9547306394075613,2.8284852430555554,10,decoder returned no payload
typescript-qim,low-detail-image,low-detail image,640,480,640,480,32,max-dimension-2048,max-dimension,true,true,true,true,134.5087910000002,81.734582999954,1.8908750000409782,50.88333300000522,8008,37.68046887638809,0.9545334265025279,2.790454644097222,11,
typescript-qim,low-detail-image,low-detail image,640,480,640,480,32,max-dimension-1600,max-dimension,true,true,true,true,131.05054099991685,81.734582999954,1.9601249999832362,47.35583299997961,8008,37.68046887638809,0.9545334265025279,2.790454644097222,11,
typescript-qim,low-detail-image,low-detail image,640,480,640,480,32,max-dimension-1280,max-dimension,true,true,true,true,133.54595800000243,81.734582999954,2.367584000050556,49.44379099999787,8008,37.68046887638809,0.9545334265025279,2.790454644097222,11,
typescript-qim,low-detail-image,low-detail image,640,480,640,480,32,png-to-jpeg-quality-80,conversion,true,true,true,true,133.85774899995886,81.734582999954,1.7612080000108108,50.36195799999405,6506,37.65496867223844,0.9540848254044801,2.802001953125,9,
typescript-qim,low-detail-image,low-detail image,640,480,640,480,32,jpeg-to-jpeg-recompression-quality-80,jpeg-recompression,true,true,true,true,136.26579099998344,81.734582999954,1.6832080000313,52.84799999999814,6506,37.65496867223844,0.9540848254044801,2.802001953125,9,
typescript-qim,low-detail-image,low-detail image,640,480,640,480,32,metadata-strip,metadata,true,true,true,true,130.95974999992177,81.734582999954,1.744416999979876,47.48074999998789,8008,37.68046887638809,0.9545334265025279,2.790454644097222,11,
typescript-qim,low-detail-image,low-detail image,640,480,480,360,32,resize-75-percent-then-jpeg-quality-80,combined,true,true,false,false,113.48979099997086,81.734582999954,2.37395799998194,29.381250000034925,12846,37.92993995070329,0.9566365690200673,2.6668402777777778,13,decoder returned no payload
typescript-qim,low-detail-image,low-detail image,640,480,320,240,32,resize-50-percent-then-jpeg-quality-75,combined,true,true,false,false,96.212790999969,81.734582999954,2.10570800001733,12.372499999997672,3928,38.40452710322188,0.960792340587328,2.4605859375,11,decoder returned no payload
typescript-qim,low-detail-image,low-detail image,640,480,640,480,128,identity,identity,true,true,true,true,123.12350099999458,76.70329199999105,0.00933400000212714,46.4108750000014,11616,33.65993324218793,0.8919726964312746,4.224112413194445,22,
typescript-qim,low-detail-image,low-detail image,640,480,640,480,512,identity,identity,true,true,true,true,133.56941699999152,79.30799999996088,0.006833999999798834,54.254583000030834,26976,28.428057154396946,0.7112210062292892,7.689319661458334,45,
typescript-qim,low-detail-image,low-detail image,640,480,640,480,1024,identity,identity,true,true,true,true,144.2565830000094,89.17208300001221,0.005166999995708466,55.0793330000015,47456,22.74596735088313,0.3992798836449171,14.906342230902778,79,
typescript-qim,low-detail-image,low-detail image,640,480,,,5120,identity,identity,true,false,false,false,6.351291999977548,6.351291999977548,0,0,,,,,,"Payload too large: need 415680 bits, have 115200 AC coefficients available"
typescript-qim,low-detail-image,low-detail image,640,480,,,10240,identity,identity,true,false,false,false,16.214124999998603,16.214124999998603,0,0,,,,,,"Payload too large: need 825280 bits, have 115200 AC coefficients available"
typescript-qim,screenshot,screenshot,1280,720,1280,720,32,identity,identity,true,true,true,true,261.92304199998034,120.43262500001583,0.006041999964509159,141.484375,26685,40.41747072946486,0.9992178807259429,1.6469245515046296,68,
typescript-qim,screenshot,screenshot,1280,720,1280,720,128,identity,identity,true,true,true,true,387.9484999999986,212.21925000002375,0.011166999989654869,175.7180829999852,32146,38.060987527354236,0.9984173266609713,2.6271462673611112,77,
typescript-qim,screenshot,screenshot,1280,720,1280,720,512,identity,identity,true,true,false,false,380.5701659999322,215.79783299996052,0.006249999976716936,164.76608299999498,54955,34.00822259726041,0.9955772210871363,3.9413519965277777,79,decoder returned no payload
typescript-qim,screenshot,screenshot,1280,720,1280,720,1024,identity,identity,true,true,false,false,374.2380000000121,220.37704200000735,0.005999999993946403,153.8549580000108,77621,31.529711329235663,0.9919683281529641,5.203359013310185,93,decoder returned no payload
typescript-qim,screenshot,screenshot,1280,720,,,5120,identity,identity,true,false,false,false,12.64795899996534,12.64795899996534,0,0,,,,,,"Payload too large: need 415680 bits, have 345600 AC coefficients available"
typescript-qim,screenshot,screenshot,1280,720,,,10240,identity,identity,true,false,false,false,16.43637499999022,16.43637499999022,0,0,,,,,,"Payload too large: need 825280 bits, have 345600 AC coefficients available"
typescript-qim,gradient,gradient,2048,2048,2048,2048,32,identity,identity,true,true,true,true,1120.410208000103,202.932666000037,0.004875000042375177,917.4726670000236,43382,46.060260692476234,0.9998278672893075,0.8280884424845377,8,
typescript-qim,gradient,gradient,2048,2048,2048,2048,128,identity,identity,true,true,true,true,1202.8333750000456,323.12550000002375,0.0061250000144355,879.7017500000075,49366,43.919139137698274,0.999655624957896,1.0840047200520833,8,
typescript-qim,gradient,gradient,2048,2048,2048,2048,512,identity,identity,true,true,true,true,1641.0871669999906,752.7640000000247,0.005874999973457307,888.3172919999924,68108,40.21243059382588,0.9990609314383131,1.9802320003509521,8,
typescript-qim,gradient,gradient,2048,2048,2048,2048,1024,identity,identity,true,true,true,true,1990.8972080000094,1053.2709580000374,0.010332999983802438,937.6159169999883,92069,37.87715262127725,0.9983224652245407,2.7190868059794107,13,
typescript-qim,gradient,gradient,2048,2048,2048,2048,5120,identity,identity,true,true,true,true,1968.9747079999652,1056.8099999999977,0.01624999998603016,912.1484579999815,260586,30.84909422265138,0.9912123209836093,5.808910528818767,37,
typescript-qim,gradient,gradient,2048,2048,2048,2048,10240,identity,identity,true,true,false,false,2067.255999999994,1125.8254999999772,0.010249999992083758,941.4202500000247,458731,27.055617646254518,0.9790544157212275,8.925407965977987,68,decoder returned no payload
typescript-qim,dark-image,dark image,640,480,640,480,32,identity,identity,true,true,true,true,132.16174899996258,80.5728329999838,0.006249999976716936,51.582666000002064,12779,33.88680346573014,0.7469577561505621,4.161876085069444,19,
typescript-qim,dark-image,dark image,640,480,640,480,128,identity,identity,true,true,true,true,124.14137499994831,82.69308399996953,0.009832999960053712,41.43845800001873,17479,31.790483615740612,0.6210670428469363,5.271404079861111,30,
typescript-qim,dark-image,dark image,640,480,640,480,512,identity,identity,true,true,true,true,132.3741259999224,81.49229199998081,0.015416999987792224,50.8664169999538,29439,28.531009672810086,0.4130762492435734,7.703356119791667,52,
typescript-qim,dark-image,dark image,640,480,640,480,1024,identity,identity,true,true,false,false,138.43704200000502,82.63899999996647,0.0043750000186264515,55.79366700001992,45292,24.89086391110004,0.22541896198959294,11.491137152777778,83,decoder returned no payload
typescript-qim,dark-image,dark image,640,480,,,5120,identity,identity,true,false,false,false,6.98479200003203,6.98479200003203,0,0,,,,,,"Payload too large: need 415680 bits, have 115200 AC coefficients available"
typescript-qim,dark-image,dark image,640,480,,,10240,identity,identity,true,false,false,false,9.687666999991052,9.687666999991052,0,0,,,,,,"Payload too large: need 825280 bits, have 115200 AC coefficients available"
typescript-qim,bright-image,bright image,4000,3000,,,32,identity,identity,false,false,false,false,0,0,0,0,,,,,,benchmark safety guard: current QIM coefficient stream exceeds 4194304 pixels
typescript-qim,bright-image,bright image,4000,3000,,,128,identity,identity,false,false,false,false,0,0,0,0,,,,,,benchmark safety guard: current QIM coefficient stream exceeds 4194304 pixels
typescript-qim,bright-image,bright image,4000,3000,,,512,identity,identity,false,false,false,false,0,0,0,0,,,,,,benchmark safety guard: current QIM coefficient stream exceeds 4194304 pixels
typescript-qim,bright-image,bright image,4000,3000,,,1024,identity,identity,false,false,false,false,0,0,0,0,,,,,,benchmark safety guard: current QIM coefficient stream exceeds 4194304 pixels
typescript-qim,bright-image,bright image,4000,3000,,,5120,identity,identity,false,false,false,false,0,0,0,0,,,,,,benchmark safety guard: current QIM coefficient stream exceeds 4194304 pixels
typescript-qim,bright-image,bright image,4000,3000,,,10240,identity,identity,false,false,false,false,0,0,0,0,,,,,,benchmark safety guard: current QIM coefficient stream exceeds 4194304 pixels
